Date-Time,ODO % sat_chesa,ODO mg/L_chesa,Temp °C_chesa,SpCond µS/cm_chesa,Turbidity NTU_chesa,pH_chesa,ORP mV_chesa,Depth m_chesa,ODO % sat_pocat,ODO mg/L_pocat,Temp °C_pocat,SpCond µS/cm_pocat,Turbidity NTU_pocat,pH_pocat,ORP mV_pocat,Depth m_pocat
2018-01-11 18:00:00,122.175,17.2225,0.4975,214.0,5.08,6.84,286.325,1.0,100.35,1.67,0.69,312.625,4.385,3.4625,268.5,1
2018-01-12 00:00:00,121.99999999999999,17.198333333333334,0.5083333333333333,211.78333333333333,5.213333333333334,6.688333333333335,283.95,1.0,99.51666666666665,1.6449999999999998,0.9583333333333334,312.21666666666664,4.426666666666667,2.9783333333333335,276.31666666666666,1
2018-01-12 06:00:00,121.78333333333335,17.138333333333332,0.5583333333333333,209.25,5.531666666666667,6.629999999999999,279.95,1.0,95.48333333333333,1.5266666666666666,1.1616666666666668,314.65000000000003,8.631666666666666,2.966666666666667,273.31666666666666,1
2018-01-12 12:00:00,121.80000000000001,17.028333333333332,0.795,208.18333333333337,5.721666666666667,6.614999999999999,280.85,1.0,95.91666666666667,1.7033333333333331,1.2983333333333336,304.65,77.06666666666666,3.151666666666667,219.4,1
2018-01-12 18:00:00,121.76666666666667,16.915000000000003,1.0166666666666666,213.71666666666667,6.216666666666666,6.620000000000001,281.05,1.0,98.43333333333334,1.9566666666666668,1.5566666666666666,292.95,135.1,3.208333333333334,232.23333333333332,1
2018-01-13 00:00:00,121.40000000000002,16.733333333333334,1.3083333333333333,218.4666666666667,7.993333333333332,6.653333333333333,275.2833333333333,1.0,100.01666666666667,1.4466666666666665,1.9333333333333333,321.8833333333333,42.800000000000004,3.3333333333333326,225.13333333333333,1
2018-01-13 06:00:00,120.36666666666666,16.545,1.4050000000000002,217.9,18.723333333333336,6.673333333333335,259.4166666666667,1.0,98.8,2.311666666666666,1.9716666666666667,275.50000000000006,0.0,3.231666666666667,208.23333333333335,1
2018-01-13 12:00:00,118.93333333333334,16.073333333333334,2.026666666666667,217.51666666666668,23.450000000000003,6.66,254.35,1.0,95.80000000000001,3.051666666666667,2.111666666666667,240.66666666666666,0.0,3.2166666666666663,185.80000000000004,1
2018-01-13 18:00:00,120.33333333333333,15.801666666666668,3.0900000000000003,187.33333333333334,36.87,6.583333333333333,260.04999999999995,1.0,93.73333333333333,4.401666666666666,2.776666666666667,189.73333333333335,0.0,3.2166666666666663,177.60000000000002,1
2018-01-14 00:00:00,123.71666666666665,16.275000000000002,3.026666666666667,168.15,94.20166666666667,6.375,274.61666666666673,1.0,92.91666666666667,5.338333333333334,2.8383333333333334,159.85000000000002,169.31666666666663,3.19,179.85,1
2018-01-14 06:00:00,126.21666666666665,16.8,2.595,150.63333333333333,100.81666666666666,6.2749999999999995,281.28333333333336,1.0,92.10000000000001,5.511666666666667,3.231666666666667,152.05,263.45,3.0516666666666663,200.81666666666663,1
2018-01-14 12:00:00,128.68333333333337,17.22,2.398333333333333,135.46666666666667,91.735,6.203333333333333,283.0833333333333,1.0,93.08333333333333,6.113333333333333,3.361666666666667,136.78333333333333,198.4333333333333,2.9966666666666666,221.96666666666667,1
2018-01-14 18:00:00,129.7,17.395,2.315,148.13333333333333,96.29833333333333,6.255,279.46666666666664,1.0,98.25,6.281666666666667,3.2466666666666675,141.63333333333333,103.2,2.9683333333333333,232.54999999999995,1
2018-01-15 00:00:00,130.45000000000002,17.711666666666666,1.8683333333333334,155.98333333333332,129.35,6.261666666666667,286.2,1.0,101.60000000000001,6.891666666666667,2.893333333333333,133.48333333333335,84.78333333333333,2.845,241.25,1
2018-01-15 06:00:00,130.46666666666667,18.220000000000002,0.8466666666666667,167.33333333333334,104.93833333333335,6.23,289.74999999999994,1.0,103.7,7.050000000000001,2.463333333333333,134.9333333333333,137.95000000000002,2.901666666666667,244.83333333333334,1
2018-01-15 12:00:00,131.71666666666667,18.543333333333333,0.5466666666666666,164.48333333333332,89.27500000000002,6.203333333333333,289.48333333333335,1.0,104.3,6.645,2.2049999999999996,146.41666666666669,101.18666666666667,3.056666666666666,252.4333333333333,1
2018-01-15 18:00:00,131.96666666666667,18.485,0.7266666666666667,161.11666666666667,95.50999999999999,6.2316666666666665,284.75,1.0,105.48333333333335,6.618333333333333,1.7366666666666666,150.73333333333335,53.645,3.341666666666667,252.61666666666667,1
2018-01-16 00:00:00,130.20000000000002,18.103333333333335,1.0,153.0,91.89166666666665,6.218333333333333,285.99999999999994,1.0,105.64999999999999,6.420000000000001,1.325,157.4,66.45833333333333,3.1666666666666665,268.81666666666666,1
2018-01-16 06:00:00,129.18333333333334,17.828333333333333,1.2700000000000002,144.28333333333333,64.00166666666667,6.193333333333334,288.63333333333327,1.0,105.28333333333335,6.536666666666666,1.155,154.88333333333333,71.485,3.1200000000000006,276.6333333333333,1
2018-01-16 12:00:00,128.98333333333332,17.68,1.515,141.3166666666667,65.53,6.191666666666666,289.3,1.0,106.09999999999998,6.616666666666666,1.0283333333333335,154.78333333333333,67.555,3.1783333333333332,279.81666666666666,1
2018-01-16 18:00:00,128.41666666666666,17.578333333333333,1.5616666666666668,138.29999999999998,60.50000000000001,6.176666666666667,288.8666666666666,1.0,105.58333333333333,6.705000000000001,1.0750000000000002,151.71666666666667,71.39333333333333,3.305,274.73333333333335,1
2018-01-17 00:00:00,126.56666666666668,17.34,1.5383333333333333,135.15,59.669999999999995,6.138333333333333,292.40000000000003,1.0,104.08333333333333,6.863333333333333,1.1416666666666664,145.55,79.09833333333333,3.1216666666666666,284.2,1
2018-01-17 06:00:00,125.16666666666667,17.186666666666667,1.4533333333333331,130.73333333333332,57.61166666666666,6.091666666666668,294.81666666666666,1.0,104.36666666666666,7.041666666666667,1.1783333333333332,141.66666666666669,68.45666666666666,3.0566666666666666,288.6166666666666,1
2018-01-17 12:00:00,125.48333333333333,17.255,1.3999999999999997,130.95000000000002,54.248333333333335,6.073333333333333,296.65000000000003,1.0,103.73333333333333,7.125,1.2233333333333334,138.54999999999998,71.445,2.9983333333333335,290.8833333333334,1
2018-01-17 18:00:00,125.56666666666666,17.263333333333332,1.4166666666666667,128.43333333333334,50.160000000000004,6.081666666666667,295.3833333333334,1.0,103.36666666666666,7.091666666666666,1.3,138.41666666666666,73.99333333333334,3.0833333333333335,285.1666666666667,1
2018-01-18 00:00:00,125.93333333333334,17.37333333333333,1.2883333333333333,129.49999999999997,44.578333333333326,6.063333333333333,299.84999999999997,1.0,103.5,7.1933333333333325,1.28,136.4333333333333,70.37333333333333,2.8066666666666666,292.9666666666667,1
2018-01-18 06:00:00,125.71666666666668,17.44666666666667,1.07,133.21666666666667,42.31666666666667,6.038333333333334,305.5333333333333,1.0,103.33333333333336,7.3,1.2233333333333334,134.06666666666666,68.60666666666667,2.68,299.6166666666666,1
2018-01-18 12:00:00,125.03333333333335,17.455000000000002,0.8566666666666666,132.4666666666667,42.81333333333333,6.035,307.8666666666667,1.0,102.0,7.206666666666666,1.0599999999999998,134.70000000000002,69.64333333333332,2.5916666666666663,305.15000000000003,1
2018-01-18 18:00:00,125.48333333333333,17.48333333333333,0.9249999999999999,131.85,48.09833333333333,6.03,309.15000000000003,1.0,103.18333333333334,7.241666666666666,1.2999999999999998,134.73333333333335,65.28666666666666,3.3833333333333333,296.18333333333334,1
2018-01-19 00:00:00,125.23333333333333,17.505,0.8183333333333332,133.71666666666667,46.135,5.993333333333333,314.65000000000003,1.0,103.13333333333334,7.305,1.2566666666666666,133.38333333333333,68.02,2.6249999999999996,301.8833333333334,1
2018-01-19 06:00:00,124.75,17.46166666666667,0.7599999999999999,139.15,41.23166666666667,5.97,320.25,1.0,101.18333333333334,7.006666666666667,1.1050000000000002,137.85,62.88666666666666,2.4266666666666667,306.55,1
2018-01-19 12:00:00,121.66666666666669,17.791666666666664,-0.6616666666666666,83.25,10.995000000000005,6.141666666666667,266.13333333333327,1.0,102.81666666666666,7.238333333333332,1.0533333333333332,135.35000000000002,62.01333333333333,2.486666666666667,308.2333333333333,1
2018-01-19 18:00:00,117.61666666666667,16.799999999999997,0.051666666666666666,105.8,-1.0999999999999999,5.989999999999999,254.26666666666665,1.0,104.06666666666668,7.099999999999999,1.2616666666666665,139.55,55.69,3.358333333333333,301.0,1
2018-01-20 00:00:00,121.18333333333334,17.076666666666664,0.5233333333333333,137.61666666666667,18.14333333333333,6.081666666666666,277.4833333333333,1.0,103.53333333333335,6.868333333333335,1.1566666666666667,144.51666666666665,58.48333333333334,2.4583333333333335,305.48333333333335,1
2018-01-20 06:00:00,124.60000000000001,17.445000000000004,0.7566666666666667,142.46666666666667,28.941666666666663,6.091666666666668,283.73333333333335,1.0,102.08333333333333,6.625,1.0333333333333334,148.5,52.921666666666674,2.305,307.53333333333336,1
2018-01-20 12:00:00,124.76666666666667,17.401666666666667,0.8849999999999999,146.50000000000003,28.331666666666667,6.131666666666667,284.51666666666665,1.0,104.28333333333335,6.373333333333332,1.1133333333333335,157.5,50.98666666666667,2.566666666666667,306.84999999999997,1
2018-01-20 18:00:00,125.2,17.34166666666667,1.14,143.3,32.0,6.134999999999999,285.0833333333333,1.0,105.01666666666667,6.366666666666667,1.3583333333333332,157.7,43.035,3.5500000000000003,287.05,1
2018-01-21 00:00:00,123.16666666666667,17.171666666666667,0.9116666666666666,143.56666666666666,31.823333333333334,6.093333333333333,289.1333333333333,1.0,104.01666666666665,5.933333333333333,1.1966666666666665,167.54999999999998,42.49333333333333,2.5366666666666666,293.5833333333333,1
2018-01-21 06:00:00,122.58333333333333,17.088333333333335,0.9083333333333333,149.21666666666667,21.086666666666666,6.101666666666667,293.4833333333333,1.0,103.16666666666667,6.013333333333333,1.24,164.15,44.18166666666667,2.335,300.28333333333336,1
2018-01-21 12:00:00,122.88333333333334,17.078333333333333,1.015,152.15,17.621666666666666,6.121666666666666,296.06666666666666,1.0,103.39999999999999,5.776666666666666,1.3016666666666667,170.16666666666666,43.10833333333333,2.325,302.93333333333334,1
2018-01-21 18:00:00,123.63333333333333,17.01166666666667,1.3716666666666668,155.08333333333334,16.686666666666667,6.19,293.4166666666667,1.0,102.83333333333333,5.345,1.4566666666666668,179.9666666666667,39.660000000000004,2.8249999999999997,282.7,1
2018-01-22 00:00:00,123.03333333333335,16.881666666666668,1.4716666666666667,156.49999999999997,15.575000000000003,6.2250000000000005,291.65000000000003,1.0,102.18333333333334,4.973333333333334,1.4216666666666666,189.31666666666663,35.163333333333334,2.2933333333333334,289.9833333333333,1
2018-01-22 06:00:00,122.11666666666667,16.81,1.3566666666666667,158.26666666666665,14.935,6.188333333333333,295.6333333333333,1.0,101.5,4.461666666666667,1.3716666666666668,203.35000000000002,27.774999999999995,2.143333333333333,289.75,1
2018-01-22 12:00:00,122.2,16.825,1.3433333333333335,162.66666666666666,13.835,6.195,296.3333333333333,1.0,102.08333333333333,4.398333333333333,1.4400000000000002,205.63333333333333,29.00166666666667,2.276666666666667,282.8333333333333,1
2018-01-22 18:00:00,123.58333333333333,16.871666666666666,1.6566666666666665,163.1,12.590000000000002,6.245,295.4166666666667,1.0,103.66666666666667,4.46,1.7249999999999999,204.85,27.085000000000004,2.706666666666667,278.45,1
2018-01-23 00:00:00,123.86666666666667,16.806666666666665,1.8866666666666665,163.45000000000002,12.521666666666667,6.271666666666667,295.1666666666667,1.0,102.28333333333335,4.241666666666666,1.7833333333333332,209.29999999999998,25.298333333333332,2.188333333333333,293.8833333333334,1
2018-01-23 06:00:00,122.48333333333333,16.496666666666666,2.1533333333333338,163.86666666666667,13.066666666666668,6.296666666666667,295.73333333333335,1.0,102.93333333333334,4.335,2.0083333333333333,206.51666666666665,24.865,2.253333333333333,301.73333333333335,1
2018-01-23 12:00:00,121.33333333333331,16.285,2.2833333333333337,166.48333333333335,13.086666666666666,6.325,297.73333333333335,1.0,101.63333333333333,4.235,1.963333333333333,208.13333333333335,23.939999999999998,2.3866666666666667,299.18333333333334,1
2018-01-23 18:00:00,121.50000000000001,16.206666666666667,2.5016666666666665,172.13333333333335,14.103333333333333,6.338333333333334,298.48333333333335,1.0,103.55,4.378333333333334,2.3233333333333337,204.91666666666666,21.533333333333335,2.848333333333333,276.09999999999997,1
2018-01-24 00:00:00,121.30000000000001,16.173333333333332,2.521666666666667,173.30000000000004,13.574999999999998,6.338333333333334,300.48333333333335,1.0,102.53333333333335,4.14,2.19,211.38333333333333,20.018333333333334,2.47,290.9166666666667,1
2018-01-24 06:00:00,119.81666666666666,15.935,2.6216666666666666,169.21666666666667,13.735,6.338333333333334,301.34999999999997,1.0,101.60000000000001,4.083333333333333,2.2033333333333336,211.85,21.738333333333333,2.435,302.5,1
2018-01-24 12:00:00,118.86666666666666,15.718333333333334,2.8350000000000004,170.9,12.975,6.341666666666666,302.31666666666666,1.0,101.66666666666667,4.12,2.396666666666667,210.1833333333333,20.588333333333335,2.465,296.2333333333333,1
2018-01-24 18:00:00,120.13333333333333,15.765,3.1116666666666664,171.10000000000002,12.545000000000002,6.396666666666667,301.0833333333333,1.0,101.43333333333334,3.941666666666667,2.566666666666667,214.96666666666667,19.288333333333334,2.733333333333334,295.5833333333333,1
2018-01-25 00:00:00,118.09999999999998,15.445,3.2516666666666665,171.33333333333334,12.891666666666666,6.4316666666666675,300.96666666666664,1.0,101.05000000000001,3.7349999999999994,2.6799999999999997,220.86666666666667,19.27,2.6433333333333335,302.45,1
2018-01-25 06:00:00,116.28333333333332,15.211666666666668,3.235,171.11666666666667,11.991666666666667,6.3999999999999995,305.68333333333334,1.0,100.51666666666667,3.7899999999999996,2.635,218.5,19.206666666666667,2.645,303.63333333333327,1
2018-01-25 12:00:00,116.60000000000001,15.231666666666664,3.28,173.5833333333333,10.89,6.436666666666667,308.6666666666667,1.0,100.31666666666666,3.7833333333333337,2.663333333333333,218.36666666666667,18.993333333333332,3.0050000000000003,291.26666666666665,1
2018-01-25 18:00:00,117.63333333333333,15.253333333333332,3.565,172.33333333333334,10.431666666666667,6.496666666666667,310.13333333333327,1.0,102.21666666666668,3.9916666666666676,3.1283333333333334,212.5,17.758333333333333,4.141666666666667,285.2666666666667,1
2018-01-26 00:00:00,117.01666666666665,15.225,3.44,170.9666666666667,12.015,6.435,311.7,1.0,100.81666666666666,3.733333333333333,3.0866666666666664,219.26666666666668,17.71,3.0150000000000006,299.26666666666665,1
2018-01-26 06:00:00,117.19999999999999,15.318333333333335,3.27,171.19999999999996,11.705,6.3933333333333335,317.73333333333335,1.0,100.25,3.75,2.9933333333333336,218.36666666666667,17.146666666666665,2.9666666666666663,309.8333333333333,1
2018-01-26 12:00:00,118.13333333333333,15.479999999999999,3.171666666666667,170.85,9.548333333333334,6.476666666666667,319.01666666666665,1.0,99.55,3.7933333333333334,3.021666666666667,215.88333333333333,18.426666666666666,3.251666666666667,301.20000000000005,1
2018-01-26 18:00:00,119.48333333333333,15.551666666666668,3.42,170.28333333333333,9.63,6.515,320.55,1.0,101.41666666666667,3.8683333333333336,3.4683333333333333,214.33333333333337,14.323333333333336,4.271666666666667,284.2833333333333,1
2018-01-27 00:00:00,118.98333333333333,15.536666666666667,3.301666666666667,168.93333333333334,9.723333333333334,6.446666666666666,325.6166666666666,1.0,100.05,3.7466666666666666,3.5116666666666667,216.4,16.293333333333337,3.1999999999999997,301.71666666666664,1
2018-01-27 06:00:00,118.95,15.561666666666666,3.231666666666667,167.93333333333334,9.518333333333333,6.405,329.31666666666666,1.0,99.65000000000002,3.8383333333333334,3.53,212.85000000000002,15.488333333333335,3.151666666666667,303.76666666666665,1
2018-01-27 12:00:00,120.38333333333333,15.71,3.328333333333333,171.35000000000002,9.245,6.448333333333333,330.1,1.0,99.21666666666665,3.7933333333333334,3.625,213.5,16.233333333333334,3.233333333333333,301.56666666666666,1
2018-01-27 18:00:00,121.63333333333333,15.753333333333336,3.611666666666667,173.26666666666665,9.711666666666666,6.526666666666666,328.96666666666664,1.0,100.33333333333333,3.65,3.8833333333333333,219.03333333333333,13.290000000000001,3.6483333333333334,295.5166666666667,1
2018-01-28 00:00:00,120.69999999999999,15.666666666666666,3.5316666666666676,172.9333333333333,9.266666666666667,6.491666666666667,332.4833333333333,1.0,99.51666666666667,3.703333333333333,3.9033333333333338,215.9166666666667,13.469999999999999,3.3333333333333335,306.79999999999995,1
2018-01-28 06:00:00,120.35000000000001,15.656666666666668,3.4433333333333334,175.66666666666666,9.345,6.456666666666667,334.9166666666667,1.0,99.0,3.61,3.92,218.64999999999998,14.824999999999998,3.3266666666666667,308.6666666666667,1
2018-01-28 12:00:00,121.8,15.821666666666665,3.5033333333333334,179.88333333333335,9.854999999999999,6.481666666666666,336.84999999999997,1.0,98.3,3.4333333333333336,3.9233333333333333,223.86666666666667,18.56,3.3633333333333333,304.65000000000003,1
2018-01-28 18:00:00,122.55,15.831666666666665,3.705,185.08333333333334,9.363333333333335,6.555,336.8333333333333,1.0,98.38333333333333,3.66,4.108333333333333,215.61666666666665,51.36166666666667,3.6200000000000006,280.5,1
2018-01-29 00:00:00,120.96666666666665,15.606666666666667,3.758333333333333,186.60000000000002,9.168333333333333,6.564999999999999,335.98333333333335,1.0,98.34999999999998,3.5316666666666667,4.155,219.79999999999998,54.86833333333333,3.461666666666666,287.3333333333333,1
2018-01-29 06:00:00,119.64999999999998,15.436666666666667,3.753333333333334,189.95000000000002,9.065,6.528333333333333,339.28333333333336,1.0,98.98333333333333,3.2433333333333327,4.388333333333333,230.2833333333333,98.31833333333333,3.625,299.78333333333336,1
2018-01-29 12:00:00,119.71666666666665,15.413333333333332,3.836666666666666,191.4,9.758333333333333,6.546666666666667,340.5166666666667,1.0,98.61666666666666,3.8433333333333337,4.525,208.25,120.5,3.705,302.06666666666666,1
2018-01-29 18:00:00,121.28333333333332,15.413333333333334,4.33,192.16666666666666,9.854999999999999,6.655000000000001,338.95,1.0,99.36666666666666,4.038333333333333,4.673333333333333,202.26666666666665,118.97000000000001,4.141666666666667,295.0833333333333,1
2018-01-30 00:00:00,119.26666666666667,15.078333333333333,4.528333333333333,192.61666666666665,9.291666666666666,6.668333333333334,338.04999999999995,1.0,98.95,4.241666666666666,4.591666666666667,195.4333333333333,115.09999999999998,3.7883333333333327,299.5833333333333,1
2018-01-30 06:00:00,117.33333333333333,14.835,4.528333333333333,189.33333333333334,9.558333333333335,6.613333333333333,340.7666666666667,1.0,98.43333333333334,4.473333333333333,4.538333333333333,187.70000000000002,93.98833333333333,3.713333333333333,304.8833333333333,1
2018-01-30 12:00:00,117.48333333333333,14.908333333333333,4.39,186.33333333333334,10.61,6.596666666666667,341.09999999999997,1.0,97.83333333333336,4.505,4.506666666666667,185.95000000000002,98.56166666666667,3.8049999999999997,308.1333333333334,1
2018-01-30 18:00:00,117.43333333333334,14.9,4.390000000000001,184.26666666666668,10.348333333333334,6.6116666666666655,341.2,1.0,98.86666666666667,4.161666666666667,4.581666666666666,198.03333333333333,70.27,4.846666666666667,288.4166666666667,1
2018-01-31 00:00:00,116.14999999999999,14.784999999999998,4.258333333333333,181.46666666666667,9.941666666666668,6.544999999999999,343.40000000000003,1.0,97.75,4.556666666666667,4.425,184.54999999999998,68.34333333333335,4.068333333333333,306.35,1
2018-01-31 06:00:00,116.39999999999999,14.843333333333334,4.194999999999999,180.8166666666667,9.845,6.519999999999999,343.5833333333333,1.0,96.5,4.62,4.426666666666667,180.76666666666668,78.985,4.0566666666666675,314.9666666666667,1
2018-01-31 12:00:00,116.93333333333334,14.948333333333332,4.101666666666666,177.15,11.055,6.588333333333332,340.48333333333335,1.0,96.68333333333334,4.443333333333333,4.253333333333333,187.11666666666667,65.60333333333334,4.273333333333333,311.0,1
2018-01-31 18:00:00,116.51666666666667,14.931666666666667,4.011666666666667,172.4166666666667,10.935,6.536666666666666,342.56666666666666,1.0,98.85000000000001,4.138333333333333,4.401666666666666,199.21666666666667,35.410000000000004,5.1450000000000005,295.5833333333333,1
2018-02-01 00:00:00,116.38333333333334,15.021666666666668,3.7399999999999998,168.13333333333333,11.028333333333334,6.428333333333335,348.09999999999997,1.0,97.45,4.205000000000001,4.391666666666667,195.20000000000002,42.931666666666665,4.493333333333333,310.34999999999997,1
2018-02-01 06:00:00,117.81666666666668,15.225,3.686666666666666,166.6833333333333,12.111666666666666,6.435,348.55,1.0,96.85000000000001,4.598333333333333,4.343333333333334,182.25,46.46333333333333,4.478333333333334,314.1333333333334,1
2018-02-01 12:00:00,118.76666666666667,15.318333333333333,3.763333333333333,167.45,12.176666666666668,6.493333333333333,345.75,1.0,97.44999999999999,4.243333333333333,4.233333333333333,194.49999999999997,34.98,4.616666666666666,303.3833333333333,1
2018-02-01 18:00:00,118.63333333333333,15.333333333333334,3.6966666666666668,168.98333333333332,12.049999999999999,6.471666666666668,346.8500000000001,1.0,98.83333333333333,4.381666666666667,4.1816666666666675,192.26666666666665,21.006666666666668,4.756666666666668,299.8833333333334,1
2018-02-02 00:00:00,118.78333333333332,15.37,3.6399999999999992,175.98333333333335,9.293333333333333,6.451666666666665,347.5333333333333,1.0,98.45,4.531666666666666,4.071666666666666,187.4333333333333,19.836666666666662,4.703333333333334,306.7166666666667,1
2018-02-02 06:00:00,120.01666666666665,15.518333333333333,3.6699999999999995,182.3166666666667,9.881666666666668,6.535,348.7333333333333,1.0,98.43333333333334,4.516666666666667,3.8966666666666665,188.39999999999998,23.951666666666664,4.741666666666666,304.34999999999997,1
2018-02-02 12:00:00,118.18333333333334,15.38,3.4283333333333332,185.33333333333334,10.415000000000001,6.543333333333333,349.49999999999994,1.0,97.81666666666666,4.361666666666666,3.5250000000000004,193.66666666666666,21.973333333333333,4.836666666666666,300.4833333333333,1
2018-02-02 18:00:00,117.66666666666667,15.405000000000001,3.2033333333333336,183.71666666666667,9.678333333333333,6.486666666666667,354.09999999999997,1.0,97.92,4.392,3.318,193.5,20.18,5.264,273.43999999999994,1
2018-02-03 00:00:00,117.69999999999999,15.53,2.9233333333333333,184.13333333333333,9.556666666666667,6.421666666666667,356.3666666666666,1.0,97.18333333333334,4.431666666666667,3.015,192.39999999999998,27.68166666666667,4.996666666666667,275.8333333333333,1
2018-02-03 06:00:00,117.61666666666667,15.643333333333333,2.6216666666666666,189.0666666666667,9.565,6.419999999999999,355.8,1.0,96.88333333333333,4.351666666666667,2.845,195.08333333333334,27.90833333333333,4.9783333333333335,265.5,1
2018-02-03 12:00:00,116.89999999999999,15.615,2.4650000000000003,190.70000000000002,8.658333333333333,6.433333333333334,356.23333333333335,1.0,96.5,4.055,2.7383333333333333,204.23333333333335,40.5,5.06,264.59999999999997,1
2018-02-03 18:00:00,117.60000000000001,15.643333333333333,2.606666666666667,186.6833333333333,8.360000000000001,6.436666666666667,359.46666666666664,1.0,98.76666666666667,4.043333333333333,2.8866666666666667,207.1,32.255,5.489999999999999,255.08333333333334,1
2018-02-04 00:00:00,117.88333333333334,15.706666666666665,2.545,184.1,8.110000000000001,6.386666666666667,359.90000000000003,1.0,98.73333333333333,3.97,2.7449999999999997,209.9,35.82833333333334,5.168333333333334,277.2,1
2018-02-04 06:00:00,119.13333333333334,15.86,2.5766666666666667,183.56666666666663,8.113333333333333,6.406666666666667,353.78333333333336,1.0,99.0,3.7583333333333333,2.6166666666666667,217.61666666666665,30.605000000000004,5.141666666666667,279.68333333333334,1
2018-02-04 12:00:00,120.66666666666667,15.938333333333333,2.875,187.75,7.738333333333333,6.4816666666666665,354.0333333333333,1.0,100.08333333333333,3.703333333333333,2.6316666666666664,220.79999999999998,20.511666666666667,5.213333333333334,283.9166666666667,1
2018-02-04 18:00:00,119.98333333333333,15.820000000000002,2.938333333333333,192.14999999999998,7.881666666666667,6.471666666666668,354.09999999999997,1.0,99.0,4.108333333333333,2.3266666666666667,207.3666666666667,27.728333333333335,5.251666666666668,256.98333333333335,1
2018-02-05 00:00:00,120.10000000000001,15.921666666666667,2.733333333333333,191.49999999999997,9.996666666666666,6.395,358.26666666666665,1.0,99.51666666666667,4.63,2.1950000000000003,192.66666666666666,28.298333333333332,5.114999999999999,261.01666666666665,1
2018-02-05 06:00:00,121.95,16.193333333333335,2.671666666666667,188.96666666666667,11.015,6.4383333333333335,357.4833333333333,1.0,99.18333333333334,4.468333333333334,2.1166666666666667,197.23333333333335,28.715,5.113333333333333,238.01666666666665,1
2018-02-05 12:00:00,119.0,15.828333333333335,2.6149999999999998,185.26666666666665,10.153333333333334,6.443333333333334,356.3333333333333,1.0,98.55,4.458333333333333,2.0816666666666666,196.81666666666663,27.776666666666667,5.191666666666666,244.20000000000002,1
2018-02-05 18:00:00,119.15000000000002,15.846666666666666,2.6149999999999998,196.75,9.648333333333333,6.425,360.75,1.0,98.98333333333335,4.326666666666666,2.2849999999999997,200.70000000000002,33.285,5.685,234.14999999999998,1
2018-02-06 00:00:00,121.06666666666666,16.165000000000003,2.4633333333333334,200.91666666666666,9.703333333333333,6.435,360.75,1.0,99.19999999999999,4.363333333333333,2.588333333333333,198.73333333333332,41.278333333333336,5.349999999999999,268.21666666666664,1
2018-02-06 06:00:00,120.18333333333334,16.066666666666666,2.4216666666666664,199.16666666666666,8.958333333333332,6.405,358.65000000000003,1.0,98.73333333333333,4.54,2.555,192.85,52.26500000000001,5.305000000000001,276.53333333333336,1
2018-02-06 12:00:00,119.53333333333332,16.05333333333333,2.251666666666667,193.98333333333332,9.521666666666667,6.3566666666666665,354.4166666666667,1.0,99.59999999999998,4.8133333333333335,2.5116666666666663,186.23333333333332,41.891666666666666,5.32,274.9166666666667,1
2018-02-06 18:00:00,122.33333333333336,16.313333333333333,2.5250000000000004,186.46666666666667,9.813333333333333,6.4383333333333335,353.18333333333334,1.0,100.23333333333333,5.125,2.5233333333333334,178.26666666666665,39.69166666666667,5.458333333333333,263.26666666666665,1
2018-02-07 00:00:00,122.16666666666667,16.215,2.6933333333333334,182.23333333333335,9.541666666666668,6.425,350.98333333333335,1.0,100.25,5.15,2.471666666666667,177.68333333333337,33.483333333333334,5.301666666666667,278.90000000000003,1
2018-02-07 06:00:00,122.63333333333333,16.361666666666665,2.501666666666667,198.1,9.751666666666667,6.368333333333333,350.18333333333334,1.0,100.89999999999999,5.111666666666666,2.4033333333333338,179.98333333333335,36.651666666666664,5.278333333333333,289.4166666666667,1
2018-02-07 12:00:00,123.76666666666665,16.495,2.5366666666666666,210.6833333333333,11.323333333333332,6.391666666666667,347.75,1.0,100.23333333333335,5.078333333333333,2.398333333333333,179.9666666666667,46.85666666666666,5.28,286.7666666666666,1
2018-02-07 18:00:00,123.66666666666667,16.401666666666667,2.7116666666666673,205.7833333333333,15.763333333333334,6.436666666666667,350.95,1.0,99.53333333333335,5.376666666666668,2.53,170.38333333333335,135.33833333333334,5.2683333333333335,270.43333333333334,1
2018-02-08 00:00:00,122.38333333333333,16.168333333333333,2.865,201.08333333333334,24.351666666666663,6.4383333333333335,351.63333333333327,1.0,100.81666666666666,5.078333333333333,2.8433333333333337,179.14999999999998,160.1,5.366666666666667,285.55,1
2018-02-08 06:00:00,121.46666666666668,15.995,2.9883333333333333,201.0,31.935000000000002,6.486666666666667,335.9166666666667,1.0,99.81666666666665,5.221666666666667,2.983333333333334,173.25,271.68333333333334,5.363333333333334,283.0,1
2018-02-08 12:00:00,122.38333333333334,16.10833333333333,2.9949999999999997,194.53333333333333,34.39666666666667,6.45,330.26666666666665,1.0,99.45,5.740000000000001,3.0850000000000004,158.18333333333337,261.6333333333333,5.341666666666666,269.71666666666664,1
2018-02-08 18:00:00,125.2,16.328333333333333,3.35,184.04999999999998,37.06166666666667,6.448333333333334,348.23333333333335,1.0,100.05,5.755,3.1950000000000003,158.21666666666667,253.33333333333334,5.398333333333333,265.15000000000003,1
2018-02-09 00:00:00,126.85000000000001,16.531666666666663,3.3683333333333336,169.43333333333337,54.776666666666664,6.38,357.75,1.0,99.89999999999999,6.008333333333334,3.2733333333333334,151.15,255.21666666666667,5.401666666666667,286.95,1
2018-02-09 06:00:00,127.18333333333334,16.638333333333335,3.2266666666666666,158.53333333333333,72.44,6.343333333333334,360.79999999999995,1.0,101.23333333333333,6.006666666666667,3.23,153.45,144.41666666666666,5.398333333333333,288.6333333333333,1
2018-02-09 12:00:00,127.95,16.81,3.081666666666667,155.35,67.88333333333334,6.38,365.18333333333334,1.0,103.13333333333334,6.166666666666667,3.211666666666666,152.29999999999998,104.01499999999999,5.43,279.5166666666667,1
2018-02-09 18:00:00,128.71666666666667,16.701666666666668,3.543333333333333,159.11666666666667,75.59166666666665,6.4766666666666675,365.01666666666665,1.0,105.14999999999999,6.170000000000001,3.388333333333333,154.53333333333333,80.77666666666666,5.56,285.43333333333334,1
2018-02-10 00:00:00,130.0666666666667,16.795,3.736666666666667,154.01666666666665,76.86,6.454999999999999,366.73333333333335,1.0,105.03333333333335,6.456666666666666,3.351666666666666,147.4,77.01833333333333,5.489999999999999,314.23333333333335,1
2018-02-10 06:00:00,129.78333333333333,16.76666666666667,3.7100000000000004,150.0666666666667,67.32666666666667,6.4366666666666665,369.2833333333333,1.0,105.19999999999999,6.465,3.33,147.51666666666665,77.86666666666667,5.505,329.71666666666664,1
2018-02-10 12:00:00,129.3166666666667,16.653333333333336,3.8333333333333335,148.91666666666666,60.91166666666666,6.43,372.7833333333333,1.0,105.46666666666665,6.44,3.4850000000000008,147.96666666666667,74.80666666666667,5.536666666666666,339.5,1
2018-02-10 18:00:00,129.04999999999998,16.501666666666665,4.096666666666667,149.8,55.196666666666665,6.446666666666666,371.3666666666666,1.0,106.96666666666665,6.594999999999999,3.6133333333333333,145.91666666666666,55.34166666666666,5.631666666666668,342.45,1
2018-02-11 00:00:00,127.88333333333334,16.263333333333332,4.300000000000001,153.63333333333333,50.15166666666667,6.468333333333333,372.5333333333333,1.0,105.86666666666666,6.626666666666666,3.645,143.35,52.58833333333333,5.5666666666666655,350.34999999999997,1
2018-02-11 06:00:00,126.74999999999999,16.035,4.5,157.76666666666668,48.11166666666667,6.466666666666666,374.68333333333334,1.0,105.33333333333336,6.526666666666667,3.7616666666666667,144.56666666666666,47.93333333333333,5.581666666666666,354.7833333333333,1
2018-02-11 12:00:00,125.8,15.851666666666667,4.655,153.36666666666667,141.43,6.483333333333333,371.3,1.0,103.98333333333333,6.254999999999999,3.986666666666667,148.38333333333333,52.715,5.603333333333333,350.15000000000003,1
2018-02-11 18:00:00,123.31666666666668,15.243333333333334,5.406666666666666,153.65,243.01666666666668,6.640000000000001,341.3166666666667,1.0,103.10000000000001,5.961666666666667,4.696666666666666,151.7833333333333,116.14,5.745,307.0833333333333,1
2018-02-12 00:00:00,122.46666666666668,14.918333333333331,5.98,139.15,349.0833333333333,6.581666666666667,267.03333333333336,1.0,101.48333333333333,5.989999999999999,5.3999999999999995,146.03333333333333,263.8,5.830000000000001,269.6666666666667,1
2018-02-12 06:00:00,122.89999999999999,14.913333333333332,6.128333333333333,124.64999999999999,314.73333333333335,6.501666666666668,287.5,1.0,98.98333333333333,5.96,5.915,140.9,374.98333333333335,5.898333333333333,267.75000000000006,1
2018-02-12 12:00:00,124.08333333333333,15.02833333333333,6.196666666666668,121.98333333333333,267.6333333333333,6.5,309.3833333333333,1.0,98.14999999999999,6.491666666666667,6.203333333333333,124.23333333333335,359.25,5.864999999999999,272.0,1
2018-02-12 18:00:00,125.58333333333333,15.24333333333333,6.126666666666668,118.85000000000001,263.73333333333335,6.488333333333333,329.5,1.0,98.88333333333334,6.728333333333333,6.358333333333333,118.85000000000001,307.45,5.875,269.8333333333333,1
2018-02-13 00:00:00,126.30000000000001,15.365,6.031666666666666,120.14999999999999,244.95000000000005,6.571666666666666,333.4833333333333,1.0,100.13333333333334,6.93,6.333333333333333,115.98333333333333,239.75,5.886666666666667,289.81666666666666,1
2018-02-13 06:00:00,126.83333333333333,15.456666666666665,5.963333333333334,121.38333333333334,279.4666666666667,6.501666666666666,349.8833333333334,1.0,101.78333333333335,7.026666666666666,6.118333333333332,117.26666666666667,229.73333333333335,5.913333333333333,314.5833333333333,1
2018-02-13 12:00:00,127.10000000000001,15.480000000000002,5.986666666666667,122.63333333333334,186.73333333333332,6.5,361.0833333333333,1.0,102.86666666666667,7.0566666666666675,5.988333333333333,118.89999999999999,207.95000000000002,5.94,330.1666666666667,1
2018-02-13 18:00:00,127.63333333333333,15.486666666666666,6.133333333333333,123.60000000000001,163.41666666666669,6.515000000000001,363.9833333333333,1.0,103.95,7.116666666666667,5.993333333333333,119.14999999999999,174.01666666666665,5.968333333333334,340.34999999999997,1
2018-02-14 00:00:00,127.51666666666667,15.445,6.205000000000001,124.06666666666666,130.4333333333333,6.535,371.7833333333333,1.0,104.03333333333335,7.116666666666667,5.960000000000001,119.48333333333333,143.8833333333333,5.963333333333334,353.3666666666666,1
2018-02-14 06:00:00,126.83333333333333,15.36,6.208333333333333,124.63333333333334,104.315,6.535,376.9166666666667,1.0,104.64999999999999,7.151666666666667,5.828333333333333,120.2,116.11666666666667,5.971666666666667,353.45,1
2018-02-14 12:00:00,126.8,15.358333333333333,6.198333333333334,125.58333333333333,90.52333333333333,6.528333333333333,380.98333333333335,1.0,105.39999999999999,7.193333333333334,5.75,120.73333333333333,97.49333333333333,5.993333333333333,357.0833333333333,1
2018-02-14 18:00:00,126.3,15.273333333333333,6.271666666666667,128.46666666666667,77.05166666666666,6.573333333333333,382.79999999999995,1.0,105.06666666666666,7.078333333333334,5.838333333333334,122.53333333333332,81.9,6.0200000000000005,352.5666666666666,1
2018-02-15 00:00:00,125.96666666666665,15.223333333333334,6.288333333333334,131.61666666666667,61.83833333333333,6.5566666666666675,384.40000000000003,1.0,105.11666666666667,7.011666666666667,5.954999999999999,123.83333333333333,71.845,6.0,359.46666666666664,1
2018-02-15 06:00:00,124.98333333333333,15.033333333333337,6.463333333333332,133.78333333333333,57.01333333333333,6.578333333333333,385.4166666666667,1.0,105.16666666666667,6.913333333333334,6.131666666666667,125.64999999999999,58.650000000000006,6.008333333333333,364.15000000000003,1
2018-02-15 12:00:00,124.13333333333333,14.86,6.661666666666665,139.06666666666666,53.14666666666667,6.623333333333334,382.1333333333334,1.0,105.3,6.791666666666665,6.308333333333334,128.11666666666667,59.723333333333336,6.0249999999999995,364.7833333333333,1
2018-02-15 18:00:00,124.41666666666667,14.755,7.041666666666667,141.5,52.92666666666668,6.6450000000000005,379.51666666666665,1.0,105.39999999999999,6.695,6.668333333333333,129.31666666666666,49.78666666666667,6.171666666666667,352.96666666666664,1
2018-02-16 00:00:00,123.93333333333334,14.621666666666664,7.244999999999998,140.13333333333333,44.69833333333333,6.605,380.88333333333327,1.0,103.96666666666665,6.435,6.990000000000001,132.4,50.275,6.103333333333333,360.93333333333334,1
2018-02-16 06:00:00,123.0,14.423333333333332,7.503333333333334,140.31666666666663,40.714999999999996,6.626666666666666,383.43333333333334,1.0,103.55,6.253333333333334,7.32,135.28333333333333,57.06166666666667,6.123333333333334,364.6666666666667,1
2018-02-16 12:00:00,121.08333333333333,14.115,7.735,144.58333333333334,53.803333333333335,6.6549999999999985,387.1333333333334,1.0,101.59999999999998,5.868333333333333,7.75,141.14999999999998,55.504999999999995,6.148333333333333,364.26666666666665,1
2018-02-16 18:00:00,119.88333333333333,13.876666666666667,8.021666666666667,150.01666666666665,197.26666666666665,6.666666666666667,385.23333333333335,1.0,98.39999999999999,5.71,8.473333333333333,137.68333333333337,174.53166666666667,6.218333333333334,350.41666666666674,1
2018-02-17 00:00:00,118.91666666666667,13.77833333333333,7.98,149.51666666666668,177.73333333333332,6.655,391.0,1.0,96.78333333333335,6.04,8.62,125.10000000000001,365.65000000000003,6.210000000000001,332.86666666666673,1
2018-02-17 06:00:00,120.13333333333333,13.955,7.876666666666668,149.66666666666666,106.56666666666668,6.601666666666667,399.25,1.0,95.81666666666668,6.385000000000001,8.408333333333331,114.5,423.09999999999997,6.1499999999999995,325.13333333333327,1
2018-02-17 12:00:00,121.51666666666667,14.178333333333335,7.6883333333333335,150.68333333333337,97.50166666666667,6.5683333333333325,405.45,1.0,94.53333333333335,6.565,8.196666666666665,107.93333333333332,426.8333333333333,6.076666666666667,304.16666666666663,1
2018-02-17 18:00:00,121.71666666666665,14.176666666666668,7.7749999999999995,155.78333333333333,65.07333333333334,6.611666666666667,405.51666666666665,1.0,93.45,6.656666666666666,8.048333333333334,103.90000000000002,426.2833333333333,6.031666666666666,294.79999999999995,1
2018-02-18 00:00:00,120.23333333333333,13.958333333333334,7.903333333333333,162.79999999999998,64.155,6.631666666666667,405.2,1.0,93.33333333333333,6.706666666666667,7.743333333333333,103.55,400.83333333333326,5.983333333333333,276.45,1
2018-02-18 06:00:00,119.8,13.906666666666666,7.905,162.33333333333331,67.92999999999999,6.651666666666666,405.98333333333335,1.0,94.05000000000001,6.685,7.426666666666667,106.85000000000001,309.4666666666667,5.965,266.6666666666667,1
2018-02-18 12:00:00,120.93333333333334,14.094999999999999,7.739999999999999,162.25,51.68166666666667,6.673333333333333,407.56666666666666,1.0,95.94999999999999,6.491666666666667,7.186666666666667,116.48333333333333,198.29999999999998,5.963333333333332,310.75,1
2018-02-18 18:00:00,122.78333333333335,14.243333333333332,7.930000000000001,159.16666666666666,41.61,6.704999999999999,410.55,1.0,98.48333333333335,6.364999999999999,7.511666666666667,123.2333333333333,164.08333333333334,6.065,346.15000000000003,1
2018-02-19 00:00:00,123.56666666666666,14.336666666666668,7.933333333333333,161.13333333333333,35.333333333333336,6.706666666666667,410.2833333333333,1.0,98.16666666666667,6.513333333333333,7.38,119.21666666666665,530.4833333333333,6.026666666666666,370.8666666666666,1
2018-02-19 06:00:00,122.46666666666665,14.244999999999997,7.824999999999999,166.35,35.58833333333333,6.698333333333334,411.84999999999997,1.0,98.99999999999999,6.34,7.321666666666666,125.48333333333335,482.75,6.033333333333332,383.54999999999995,1
2018-02-19 12:00:00,121.96666666666668,14.185,7.829999999999999,170.58333333333334,41.656666666666666,6.703333333333334,415.15000000000003,1.0,99.93333333333334,6.149999999999999,7.446666666666666,131.63333333333333,91.88166666666666,6.086666666666666,387.5,1
2018-02-19 18:00:00,122.21666666666665,14.085,8.198333333333334,173.51666666666668,80.65666666666668,6.703333333333333,420.5333333333333,1.0,101.31666666666666,5.871666666666666,7.813333333333333,140.15,62.76333333333333,6.216666666666666,383.7833333333333,1
2018-02-20 00:00:00,121.61666666666667,13.923333333333334,8.48,176.5,42.776666666666664,6.723333333333334,419.93333333333334,1.0,101.25,5.786666666666666,7.945,142.0,53.29500000000001,6.166666666666667,393.9833333333333,1
2018-02-20 06:00:00,120.55,13.781666666666666,8.533333333333333,181.1833333333333,31.521666666666665,6.726666666666667,419.9166666666667,1.0,101.61666666666667,5.718333333333334,7.9700000000000015,144.49999999999997,47.0,6.1433333333333335,400.05,1
2018-02-20 12:00:00,119.98333333333333,13.681666666666667,8.626666666666667,183.6,29.888333333333332,6.756666666666667,419.45,1.0,102.33333333333333,5.506666666666667,8.129999999999999,150.96666666666667,44.82333333333333,6.253333333333334,399.51666666666665,1
2018-02-20 18:00:00,121.58333333333333,13.736666666666665,9.020000000000001,166.1,33.160000000000004,6.785,418.84999999999997,1.0,103.0,5.1883333333333335,8.72,159.28333333333333,45.98833333333334,6.596666666666668,391.90000000000003,1
2018-02-21 00:00:00,124.08333333333336,13.97166666666667,9.168333333333335,147.66666666666666,37.465,6.813333333333333,415.76666666666665,1.0,102.31666666666666,5.136666666666667,9.006666666666668,158.99999999999997,36.748333333333335,6.373333333333332,398.51666666666665,1
2018-02-21 06:00:00,124.55000000000001,14.128333333333332,8.865,135.35,47.696666666666665,6.828333333333334,410.11666666666673,1.0,103.21666666666665,5.0183333333333335,9.061666666666667,163.6,33.88999999999999,6.405000000000001,400.7833333333333,1
2018-02-21 12:00:00,125.61666666666667,14.323333333333332,8.65,139.78333333333333,50.43666666666667,6.805,410.01666666666665,1.0,104.25,5.491666666666667,9.153333333333332,151.0666666666667,36.155,6.4433333333333325,399.0333333333333,1
2018-02-21 18:00:00,126.18333333333334,14.248333333333335,9.043333333333335,142.16666666666666,45.048333333333325,6.853333333333334,410.93333333333334,1.0,104.89999999999999,5.771666666666666,9.58,142.6833333333333,36.964999999999996,6.633333333333334,391.21666666666664,1
2018-02-22 00:00:00,126.08333333333331,14.173333333333332,9.225000000000001,146.91666666666669,33.714999999999996,6.8999999999999995,410.2166666666667,1.0,104.31666666666668,5.585,9.495000000000001,147.3166666666667,45.04333333333333,6.461666666666666,398.95,1
2018-02-22 06:00:00,125.3,14.086666666666668,9.23,151.46666666666667,26.985,6.901666666666666,414.0833333333333,1.0,103.76666666666667,5.716666666666668,9.5,142.71666666666667,46.278333333333336,6.44,405.1166666666666,1
2018-02-22 12:00:00,123.86666666666667,13.94,9.19,150.81666666666666,23.90833333333333,6.888333333333333,416.5,1.0,103.51666666666667,5.881666666666667,9.41,138.0,42.178333333333335,6.445,407.23333333333335,1
2018-02-22 18:00:00,123.81666666666666,13.903333333333334,9.28,150.48333333333335,224.30833333333337,6.89,418.98333333333335,1.0,103.26666666666667,5.864999999999999,9.441666666666668,137.91666666666666,38.97,6.491666666666666,404.3,1
2018-02-23 00:00:00,124.26666666666667,13.911666666666667,9.418333333333333,149.25,21.223333333333333,6.878333333333333,420.8333333333333,1.0,103.39999999999999,5.853333333333334,9.373333333333333,138.70000000000002,32.66833333333334,6.4816666666666665,407.48333333333335,1
2018-02-23 06:00:00,123.8,13.805,9.576666666666668,148.96666666666667,19.768333333333334,6.878333333333334,422.09999999999997,1.0,102.03333333333332,5.778333333333333,9.401666666666666,138.61666666666667,31.12666666666667,6.448333333333333,409.96666666666664,1
2018-02-23 12:00:00,123.16666666666664,13.715000000000002,9.625,147.2,20.834999999999997,6.891666666666667,421.96666666666664,1.0,102.00000000000001,5.78,9.443333333333332,138.4,30.595,6.406666666666666,407.95,1
2018-02-23 18:00:00,123.46666666666668,13.638333333333334,9.963333333333333,147.26666666666665,21.635,6.911666666666666,421.96666666666664,1.0,103.06666666666668,5.784999999999999,9.715,138.96666666666667,28.906666666666666,6.531666666666666,403.4166666666667,1
2018-02-24 00:00:00,123.7,13.61,10.151666666666666,149.23333333333335,19.745,6.906666666666666,422.98333333333335,1.0,102.44999999999999,5.723333333333334,9.983333333333333,138.88333333333335,26.75166666666667,6.441666666666666,405.6666666666667,1
2018-02-24 06:00:00,122.94999999999999,13.486666666666666,10.26,153.33333333333331,19.468333333333334,6.908333333333334,422.84999999999997,1.0,101.91666666666667,5.651666666666667,10.038333333333334,139.83333333333334,23.86833333333333,6.466666666666666,405.25,1
2018-02-24 12:00:00,122.11666666666667,13.328333333333333,10.481666666666667,155.08333333333334,18.08,6.935000000000001,421.3666666666666,1.0,101.06666666666666,5.553333333333334,10.005,141.49999999999997,24.10666666666667,6.4750000000000005,406.04999999999995,1
2018-02-24 18:00:00,121.34999999999998,13.123333333333333,10.878333333333332,158.75,18.61,6.993333333333333,417.3500000000001,1.0,99.2,5.265000000000001,10.268333333333333,146.3166666666667,29.148333333333337,6.513333333333333,402.9333333333334,1
2018-02-25 00:00:00,120.41666666666667,12.985000000000001,11.0,163.18333333333337,19.22833333333333,6.996666666666667,417.53333333333336,1.0,95.73333333333333,4.881666666666667,10.773333333333333,151.18333333333334,117.13166666666666,6.495,397.86666666666673,1
2018-02-25 06:00:00,119.2,12.856666666666667,10.973333333333336,169.73333333333332,20.1,6.966666666666668,419.68333333333334,1.0,96.25,5.069999999999999,10.858333333333333,145.68333333333334,184.1,6.57,406.78333333333336,1
2018-02-25 12:00:00,118.14999999999998,12.735,11.016666666666666,170.65,23.475000000000005,6.955000000000001,420.43333333333334,1.0,96.66666666666667,5.418333333333334,10.813333333333333,135.58333333333331,206.55000000000004,6.57,411.73333333333335,1
2018-02-25 18:00:00,117.45,12.616666666666667,11.168333333333331,169.04999999999998,25.44333333333333,6.958333333333333,420.23333333333335,1.0,95.11666666666667,5.673333333333335,10.963333333333333,124.5,222.7833333333333,6.544999999999999,398.8,1
2018-02-26 00:00:00,117.05,12.516666666666666,11.363333333333332,167.43333333333334,21.900000000000002,6.983333333333333,420.6666666666667,1.0,94.11666666666666,5.843333333333334,10.9,117.73333333333333,284.56666666666666,6.490000000000001,403.6166666666666,1
2018-02-26 06:00:00,116.66666666666667,12.423333333333334,11.536666666666667,171.3166666666667,18.096666666666668,7.031666666666667,415.8,1.0,93.35000000000001,6.156666666666666,10.663333333333332,107.93333333333334,242.83333333333334,6.413333333333333,407.59999999999997,1
2018-02-26 12:00:00,116.95,12.47,11.483333333333334,173.83333333333334,18.715,7.043333333333333,416.1500000000001,1.0,93.23333333333333,6.205000000000001,10.495000000000001,106.88333333333333,188.0,6.391666666666667,409.5166666666667,1
2018-02-26 18:00:00,117.66666666666667,12.488333333333335,11.671666666666667,175.95000000000002,19.665000000000003,7.079999999999999,414.01666666666665,1.0,93.75,6.1450000000000005,10.63,109.05,177.0666666666667,6.421666666666666,415.61666666666673,1
2018-02-27 00:00:00,118.09999999999998,12.501666666666667,11.801666666666668,180.23333333333335,16.761666666666667,7.131666666666667,409.7333333333333,1.0,94.31666666666666,5.948333333333333,10.638333333333334,115.91666666666667,120.01166666666666,6.446666666666666,423.54999999999995,1
2018-02-27 06:00:00,119.10000000000001,12.716666666666667,11.418333333333335,172.66666666666666,17.296666666666667,7.080000000000001,414.0,1.0,95.03333333333335,5.671666666666667,10.516666666666667,126.0,71.81,6.476666666666667,428.3333333333333,1
2018-02-27 12:00:00,120.5,12.993333333333332,10.993333333333334,165.41666666666666,16.509999999999998,7.076666666666668,415.6666666666667,1.0,96.06666666666665,5.376666666666666,10.438333333333334,137.11666666666667,52.61833333333333,6.581666666666666,427.90000000000003,1
2018-02-27 18:00:00,122.55000000000001,13.274999999999999,10.806666666666667,156.20000000000002,18.398333333333333,7.024999999999999,417.65000000000003,1.0,98.10000000000001,5.076666666666667,10.815,148.65,39.096666666666664,6.901666666666666,416.18333333333334,1
2018-02-28 00:00:00,123.55,13.436666666666666,10.633333333333333,154.9,18.076666666666668,7.001666666666666,418.56666666666666,1.0,98.73333333333335,5.126666666666667,10.748333333333333,148.29999999999998,33.458333333333336,6.699999999999999,422.5,1
2018-02-28 06:00:00,123.21666666666668,13.448333333333332,10.481666666666667,157.95000000000002,18.541666666666668,7.016666666666667,417.56666666666666,1.0,99.39999999999999,5.238333333333333,10.506666666666666,146.61666666666667,31.400000000000002,6.646666666666666,425.4333333333332,1
2018-02-28 12:00:00,122.61666666666667,13.39,10.451666666666666,157.11666666666667,17.64166666666667,7.035,415.6166666666666,1.0,100.18333333333332,5.406666666666666,10.183333333333334,143.88333333333333,26.735,6.653333333333333,426.48333333333335,1
2018-02-28 18:00:00,122.10000000000001,13.321666666666665,10.485000000000001,157.31666666666663,17.584999999999997,7.044999999999999,414.00000000000006,1.0,101.26666666666667,5.485,10.118333333333334,143.46666666666667,20.118333333333336,6.703333333333333,426.70000000000005,1
2018-03-01 00:00:00,121.73333333333335,13.298333333333332,10.44,158.78333333333333,17.05,7.031666666666666,412.65000000000003,1.0,100.95,5.466666666666666,10.041666666666666,143.68333333333334,22.11,6.636666666666667,430.01666666666665,1
2018-03-01 06:00:00,121.08333333333336,13.273333333333333,10.288333333333334,160.06666666666663,16.688333333333333,6.998333333333334,415.59999999999997,1.0,100.55000000000001,5.32,10.069999999999999,147.38333333333335,17.995,6.631666666666667,431.88333333333327,1
2018-03-01 12:00:00,120.35000000000002,13.205000000000004,10.255,158.38333333333335,16.541666666666668,6.981666666666668,417.8166666666666,1.0,100.58333333333336,5.183333333333333,10.181666666666667,151.21666666666667,18.02,6.680000000000001,433.79999999999995,1
2018-03-01 18:00:00,119.56666666666668,13.068333333333335,10.41,161.56666666666666,16.443333333333335,7.006666666666665,416.8666666666666,1.0,99.86666666666667,5.091666666666666,10.226666666666667,152.73333333333335,17.330000000000002,6.7200000000000015,433.5,1
2018-03-02 00:00:00,117.55,12.816666666666668,10.518333333333333,168.08333333333334,19.281666666666666,7.046666666666666,410.48333333333335,1.0,98.93333333333334,4.826666666666667,10.168333333333335,159.8,31.17333333333333,6.703333333333334,425.8166666666666,1
2018-03-02 06:00:00,115.88333333333334,12.703333333333333,10.286666666666665,171.39999999999998,17.94,7.041666666666667,409.81666666666666,1.0,97.93333333333334,4.693333333333334,10.01,162.98333333333332,26.213333333333335,6.69,428.76666666666665,1
2018-03-02 12:00:00,115.26666666666667,12.761666666666665,9.868333333333334,171.64999999999998,18.37666666666667,7.026666666666666,409.8333333333333,1.0,97.09999999999998,4.6933333333333325,9.848333333333333,162.15,22.068333333333328,6.738333333333334,432.93333333333334,1
2018-03-02 18:00:00,115.98333333333333,12.89,9.700000000000001,169.78333333333333,18.113333333333333,7.039999999999999,407.8,1.0,96.81666666666666,4.626666666666666,9.966666666666667,163.61666666666665,24.42833333333333,7.055,429.5,1
2018-03-03 00:00:00,115.83333333333333,12.973333333333331,9.385,171.96666666666667,17.535,7.013333333333333,410.05,1.0,95.83333333333333,4.593333333333333,9.783333333333333,163.56666666666663,28.35166666666667,6.7633333333333345,438.98333333333335,1
2018-03-03 06:00:00,116.66666666666667,13.174999999999999,9.036666666666667,174.70000000000002,14.9,6.993333333333335,411.6833333333334,1.0,95.19999999999999,4.641666666666667,9.531666666666666,161.78333333333336,27.865,6.691666666666666,444.93333333333334,1
2018-03-03 12:00:00,117.81666666666665,13.395000000000001,8.763333333333334,173.26666666666665,13.968333333333334,7.0183333333333335,413.18333333333334,1.0,95.75,4.601666666666667,9.413333333333334,164.35,22.233333333333334,6.813333333333333,444.04999999999995,1
2018-03-03 18:00:00,119.55000000000001,13.548333333333334,8.891666666666667,170.76666666666665,14.053333333333333,7.005,410.98333333333335,1.0,97.0,4.55,9.511666666666667,167.63333333333333,24.723333333333333,7.198333333333333,434.8666666666666,1
2018-03-04 00:00:00,119.95,13.691666666666668,8.586666666666666,171.95000000000002,12.468333333333334,6.961666666666666,413.45,1.0,96.95,4.593333333333333,9.151666666666666,167.21666666666667,20.078333333333333,6.8066666666666675,445.53333333333336,1
2018-03-04 06:00:00,120.39999999999998,13.891666666666667,8.158333333333333,173.71666666666667,11.693333333333333,6.921666666666666,415.79999999999995,1.0,97.31666666666666,4.711666666666667,8.844999999999999,164.98333333333335,17.82166666666667,6.7316666666666665,447.53333333333336,1
2018-03-04 12:00:00,121.01666666666667,14.055,7.875,173.48333333333335,12.218333333333334,6.963333333333334,414.71666666666664,1.0,97.81666666666666,4.663333333333334,8.566666666666666,168.08333333333334,18.315,6.836666666666667,445.51666666666665,1
2018-03-04 18:00:00,121.98333333333333,14.1,8.076666666666666,173.63333333333333,12.175000000000002,6.97,410.59999999999997,1.0,99.5,4.608333333333333,8.76,171.71666666666667,17.948333333333334,7.274999999999999,440.1333333333334,1
2018-03-05 00:00:00,122.01666666666667,14.17,7.886666666666667,173.28333333333333,12.726666666666667,6.926666666666667,413.8333333333334,1.0,99.76666666666667,4.6933333333333325,8.548333333333334,170.13333333333335,15.559999999999997,6.824999999999999,448.1166666666666,1
2018-03-05 06:00:00,121.51666666666667,14.196666666666667,7.6433333333333335,175.15,11.661666666666667,6.898333333333333,415.61666666666673,1.0,99.81666666666666,4.7316666666666665,8.218333333333334,169.98333333333332,15.001666666666665,6.723333333333334,452.1666666666666,1
2018-03-05 12:00:00,121.61666666666667,14.253333333333332,7.515000000000001,174.61666666666665,11.836666666666664,6.941666666666666,415.2833333333333,1.0,100.03333333333335,4.743333333333333,7.925,170.8166666666667,15.608333333333334,6.823333333333333,452.09999999999997,1
2018-03-05 18:00:00,122.35000000000001,14.238333333333335,7.795000000000001,175.46666666666667,11.658333333333333,6.968333333333333,410.8,1.0,101.5,4.614999999999999,8.061666666666666,176.51666666666668,13.511666666666668,7.206666666666667,442.31666666666666,1
2018-03-06 00:00:00,121.21666666666668,14.138333333333334,7.713333333333332,177.76666666666665,11.321666666666665,6.936666666666667,412.05,1.0,101.11666666666667,4.673333333333334,7.8566666666666665,174.76666666666665,13.613333333333332,6.775000000000001,447.90000000000003,1
2018-03-06 06:00:00,120.73333333333333,14.133333333333333,7.566666666666666,179.61666666666665,11.221666666666666,6.906666666666666,415.73333333333335,1.0,101.16666666666667,4.698333333333333,7.685,174.65,12.525,6.711666666666667,449.34999999999997,1
2018-03-06 12:00:00,120.26666666666667,14.126666666666665,7.426666666666667,184.0,11.53,6.896666666666666,415.76666666666665,1.0,101.33333333333333,4.628333333333333,7.628333333333333,177.16666666666666,11.245,6.711666666666666,448.23333333333335,1
2018-03-06 18:00:00,120.89999999999999,14.174999999999999,7.498333333333332,187.98333333333335,11.32,6.941666666666666,410.84999999999997,1.0,102.25,4.263333333333334,7.823333333333333,189.36666666666667,10.645,7.118333333333333,440.09999999999997,1
2018-03-07 00:00:00,120.18333333333334,14.111666666666666,7.4316666666666675,190.56666666666663,10.440000000000001,6.933333333333334,415.7833333333333,1.0,102.06666666666666,4.341666666666666,7.838333333333334,186.6,9.65,6.813333333333333,442.70000000000005,1
2018-03-07 06:00:00,119.00000000000001,14.033333333333333,7.261666666666668,188.98333333333335,10.485,6.906666666666666,415.3,1.0,101.03333333333335,4.338333333333334,7.751666666666665,185.54999999999998,10.841666666666667,6.751666666666668,446.70000000000005,1
2018-03-07 12:00:00,117.91666666666667,13.916666666666666,7.2299999999999995,187.25,10.226666666666667,6.906666666666667,414.0,1.0,100.75,4.043333333333333,7.69,195.06666666666663,10.181666666666667,6.815,444.1666666666667,1
2018-03-07 18:00:00,117.61666666666667,13.873333333333333,7.253333333333334,186.0,10.045,6.918333333333333,415.59999999999997,1.0,100.63333333333333,4.009999999999999,7.663333333333334,196.06666666666663,11.96,6.941666666666666,441.8666666666666,1
2018-03-08 00:00:00,117.53333333333335,13.929999999999998,7.0633333333333335,187.31666666666663,9.561666666666666,6.918333333333333,410.9166666666667,1.0,100.21666666666665,4.04,7.426666666666667,195.16666666666666,9.775,6.791666666666667,442.3333333333333,1
2018-03-08 06:00:00,116.66666666666667,13.911666666666667,6.82,188.20000000000002,9.128333333333334,6.875,417.09999999999997,1.0,99.66666666666667,3.9250000000000007,7.2366666666666655,199.0,9.063333333333334,6.751666666666666,443.6666666666666,1
2018-03-08 12:00:00,116.53333333333335,13.933333333333332,6.714999999999999,188.21666666666667,9.251666666666667,6.881666666666667,413.98333333333335,1.0,99.11666666666667,3.7716666666666665,7.091666666666666,203.9,8.666666666666668,6.8566666666666665,440.1000000000001,1
2018-03-08 18:00:00,116.81666666666668,13.915,6.86,186.3166666666667,9.131666666666668,6.903333333333333,415.26666666666665,1.0,99.51666666666667,3.6433333333333326,7.195,208.64999999999998,10.385,7.114999999999999,427.3833333333334,1
2018-03-09 00:00:00,116.83333333333333,13.979999999999999,6.683333333333333,186.75,9.381666666666666,6.916666666666667,407.55,1.0,98.43333333333334,3.5750000000000006,6.885000000000001,210.4666666666666,9.828333333333331,6.808333333333334,433.6833333333334,1
2018-03-09 06:00:00,116.89999999999999,14.066666666666665,6.446666666666666,185.41666666666666,8.555,6.883333333333333,413.86666666666673,1.0,97.48333333333335,3.3516666666666666,6.6450000000000005,218.11666666666667,7.948333333333333,6.7749999999999995,436.59999999999997,1
2018-03-09 12:00:00,115.84999999999998,14.020000000000001,6.223333333333333,186.36666666666667,8.865,6.858333333333333,416.26666666666665,1.0,98.23333333333333,3.3983333333333334,6.566666666666666,217.51666666666665,6.761666666666667,6.923333333333333,433.75,1
2018-03-09 18:00:00,117.05000000000001,14.15,6.283333333333334,188.21666666666667,8.503333333333332,6.864999999999999,415.70000000000005,1.0,98.8,3.3666666666666667,6.753333333333334,218.98333333333332,7.375,7.258333333333334,426.3833333333334,1
2018-03-10 00:00:00,116.38333333333333,14.071666666666667,6.258333333333333,189.16666666666666,8.118333333333332,6.851666666666667,418.55,1.0,97.58333333333333,3.111666666666667,6.553333333333334,227.61666666666667,8.835,6.846666666666667,431.9666666666667,1
2018-03-10 06:00:00,116.3,14.063333333333334,6.260000000000001,190.33333333333334,7.766666666666667,6.868333333333333,417.56666666666666,1.0,97.71666666666668,3.1566666666666663,6.445,226.1833333333333,7.513333333333333,6.798333333333335,432.6666666666667,1
2018-03-10 12:00:00,116.38333333333333,14.086666666666666,6.2316666666666665,192.39999999999998,7.916666666666667,6.8566666666666665,421.3333333333334,1.0,97.85000000000001,3.0499999999999994,6.386666666666667,230.68333333333337,7.278333333333333,6.84,432.96666666666664,1
2018-03-10 18:00:00,116.51666666666667,14.13,6.1433333333333335,195.63333333333333,7.993333333333333,6.835,424.15000000000003,1.0,98.60000000000001,3.035,6.59,231.78333333333333,7.951666666666667,7.081666666666667,429.6166666666666,1
2018-03-11 00:00:00,116.28333333333335,14.159999999999998,5.988333333333334,195.33333333333334,7.9700000000000015,6.81,418.05,1.0,98.68333333333334,2.856666666666667,6.561666666666667,239.10000000000002,6.461666666666667,6.773333333333333,430.79999999999995,1
2018-03-11 06:00:00,117.04285714285712,14.265714285714285,5.947142857142857,195.55714285714288,7.562857142857142,6.791428571428571,424.7142857142857,1.0,98.12857142857145,2.7728571428571427,6.387142857142857,242.27142857142854,6.8,6.692857142857143,431.35714285714283,1
2018-03-11 12:00:00,118.98333333333333,14.401666666666666,6.216666666666666,191.96666666666667,7.395,6.94,417.3500000000001,1.0,99.55,2.7883333333333336,6.435000000000001,243.19999999999996,5.91,7.045000000000001,427.4166666666667,1
2018-03-11 18:00:00,119.18333333333332,14.276666666666669,6.635000000000001,193.76666666666665,7.751666666666668,6.955000000000001,412.09999999999997,1.0,100.18333333333334,2.9333333333333336,6.778333333333333,237.16666666666666,6.2,7.210000000000001,422.73333333333335,1
2018-03-12 00:00:00,117.61666666666667,14.191666666666665,6.358333333333333,194.95000000000002,7.513333333333333,6.845,422.73333333333335,1.0,98.26666666666667,2.6633333333333336,6.478333333333333,246.75,7.546666666666667,6.734999999999999,430.8666666666666,1
2018-03-12 06:00:00,116.41666666666667,14.163333333333332,6.0249999999999995,198.91666666666666,7.333333333333335,6.795000000000001,428.3166666666666,1.0,98.33333333333333,2.651666666666667,6.346666666666668,247.73333333333332,5.43,6.721666666666667,430.95,1
2018-03-12 12:00:00,117.39999999999999,14.326666666666668,5.8933333333333335,198.04999999999998,7.151666666666666,6.833333333333333,419.0666666666666,1.0,98.73333333333333,2.6166666666666667,6.303333333333334,249.91666666666666,5.405,6.848333333333333,426.0333333333333,1
2018-03-12 18:00:00,117.23333333333335,14.281666666666666,5.97,199.36666666666667,7.421666666666667,6.885000000000001,412.36666666666673,1.0,100.11666666666667,2.6583333333333337,6.765,248.5,8.194999999999999,7.175,418.59999999999997,1
2018-03-13 00:00:00,115.76666666666665,14.175000000000002,5.765000000000001,204.49999999999997,8.046666666666667,6.823333333333333,414.90000000000003,1.0,98.91666666666667,2.6300000000000003,6.401666666666666,249.1666666666667,9.195,6.789999999999999,424.8666666666666,1
2018-03-13 06:00:00,115.44999999999999,14.203333333333333,5.571666666666666,202.36666666666667,7.510000000000001,6.755,422.51666666666665,1.0,98.39999999999999,2.5466666666666664,6.23,252.66666666666666,7.661666666666666,6.753333333333334,433.1166666666666,1
2018-03-13 12:00:00,117.65000000000002,14.416666666666666,5.738333333333333,200.5,6.965,6.848333333333334,418.81666666666666,1.0,99.31666666666666,2.4733333333333336,6.256666666666667,256.8333333333333,5.609999999999999,6.95,428.51666666666665,1
2018-03-13 18:00:00,117.85000000000001,14.31,6.100000000000001,198.45000000000002,7.023333333333333,6.946666666666666,409.55,1.0,99.8,2.3499999999999996,6.363333333333333,262.7,6.2749999999999995,7.02,419.2166666666667,1
2018-03-14 00:00:00,114.71666666666668,13.998333333333335,5.903333333333333,202.4333333333333,7.593333333333334,6.863333333333333,414.7,1.0,97.88333333333333,2.3716666666666666,6.055,260.43333333333334,8.354999999999999,6.8,428.1000000000001,1
2018-03-14 06:00:00,113.8,14.019999999999998,5.531666666666667,206.98333333333335,7.25,6.785,419.0333333333333,1.0,96.78333333333335,2.2483333333333335,5.78,265.5,10.07,6.748333333333334,429.59999999999997,1
2018-03-14 12:00:00,115.86666666666666,14.328333333333333,5.384999999999999,207.86666666666667,7.113333333333333,6.846666666666667,409.9666666666667,1.0,97.93333333333334,2.0383333333333327,5.681666666666666,277.2666666666667,6.84,6.883333333333333,423.5333333333333,1
2018-03-14 18:00:00,115.73333333333333,14.265,5.505,207.70000000000002,7.044999999999999,6.881666666666668,407.6166666666666,1.0,98.46666666666668,2.1799999999999997,5.691666666666666,270.95,7.4433333333333325,6.943333333333334,420.6166666666666,1
2018-03-15 00:00:00,114.71666666666665,14.196666666666665,5.345,205.83333333333334,7.216666666666666,6.78,414.6333333333334,1.0,97.83333333333333,2.3066666666666666,5.501666666666668,264.5833333333333,7.811666666666667,6.806666666666666,428.75,1
2018-03-15 06:00:00,116.35000000000001,14.453333333333335,5.196666666666666,203.83333333333334,6.861666666666667,6.791666666666667,414.1166666666666,1.0,97.16666666666667,2.276666666666667,5.37,265.55,9.311666666666667,6.786666666666666,426.68333333333334,1
2018-03-15 12:00:00,118.06666666666668,14.583333333333334,5.425,202.73333333333332,6.235,7.0,404.5166666666667,1.0,98.51666666666667,2.2366666666666664,5.528333333333332,268.5,9.548333333333334,7.103333333333333,425.0333333333333,1
2018-03-15 18:00:00,117.55,14.339999999999998,5.91,204.70000000000002,6.813333333333333,6.93,404.31666666666666,1.0,100.35000000000002,2.1483333333333334,6.265000000000001,273.01666666666665,5.998333333333334,7.321666666666668,413.8833333333334,1
2018-03-16 00:00:00,116.28333333333332,14.208333333333334,5.843333333333334,206.6666666666667,7.658333333333332,6.831666666666667,414.93333333333334,1.0,99.01666666666667,2.313333333333333,5.796666666666667,264.9166666666667,11.11,6.965,421.20000000000005,1
2018-03-16 06:00:00,117.60000000000001,14.44,5.653333333333333,211.71666666666667,7.793333333333333,6.8566666666666665,415.2,1.0,98.61666666666667,2.3066666666666666,5.738333333333333,265.0,19.19,6.885000000000001,429.23333333333335,1
2018-03-16 12:00:00,119.68333333333334,14.665,5.721666666666667,218.95000000000002,6.97,7.076666666666667,402.76666666666665,1.0,99.60000000000001,2.1483333333333334,5.668333333333334,273.59999999999997,13.026666666666666,7.196666666666666,423.8,1
2018-03-16 18:00:00,107.57500000000002,13.34,5.885,199.925,4.025,6.607500000000001,347.57500000000005,1.0,100.96666666666665,2.2666666666666666,6.169999999999999,268.3,39.40333333333333,7.323333333333333,419.9166666666667,1
2018-03-17 00:00:00,107.05000000000001,13.331666666666665,5.721666666666667,196.16666666666666,4.088333333333333,6.62,362.40000000000003,1.0,99.38333333333334,2.111666666666667,6.0,274.43333333333334,29.611666666666668,6.97,423.76666666666665,1
2018-03-17 06:00:00,109.41666666666667,13.545,5.953333333333333,196.5833333333333,3.7883333333333336,6.808333333333334,351.90000000000003,1.0,100.03333333333332,2.141666666666666,6.026666666666666,273.7,19.051666666666666,6.98,421.96666666666664,1
2018-03-17 12:00:00,107.16666666666667,13.284999999999998,5.908333333333334,202.21666666666667,4.250000000000001,6.75,359.1666666666667,1.0,99.81666666666666,2.4366666666666665,6.02,259.56666666666666,91.91833333333334,6.985,427.1833333333334,1
2018-03-17 18:00:00,106.80000000000001,13.281666666666666,5.763333333333333,206.0666666666667,5.6866666666666665,6.596666666666667,372.6333333333334,1.0,100.53333333333332,2.8049999999999997,6.095,244.5,7.64,7.005,429.81666666666666,1
2018-03-18 00:00:00,109.35000000000001,13.543333333333331,5.943333333333334,202.41666666666666,6.578333333333333,6.715000000000001,362.63333333333327,1.0,100.0,2.643333333333333,6.13,250.60000000000002,14.088333333333333,6.93,431.3999999999999,1
2018-03-18 06:00:00,107.93333333333334,13.280000000000001,6.191666666666667,200.13333333333333,7.12,6.728333333333333,361.7833333333333,1.0,100.45,2.8266666666666667,6.016666666666667,243.78333333333333,14.146666666666667,6.948333333333333,429.88333333333327,1
2018-03-18 12:00:00,106.81666666666666,13.158333333333333,6.155,197.1833333333333,6.829999999999999,6.603333333333333,378.45,1.0,100.64999999999999,3.0866666666666664,5.868333333333333,233.98333333333335,7.75,7.1000000000000005,433.65000000000003,1
2018-03-18 18:00:00,109.66666666666667,13.273333333333333,6.858333333333334,189.61666666666665,6.3999999999999995,6.756666666666667,358.21666666666664,1.0,103.16666666666667,3.1016666666666666,6.401666666666667,235.04999999999998,9.635,7.293333333333333,427.8,1
2018-03-19 00:00:00,109.28333333333335,13.161666666666667,7.06,187.23333333333332,6.415,6.68,363.7166666666667,1.0,102.56666666666666,3.2916666666666665,6.37,227.26666666666665,12.471666666666666,7.026666666666666,429.05,1
2018-03-19 06:00:00,109.39999999999999,13.306666666666667,6.653333333333332,175.1833333333333,8.283333333333333,6.508333333333333,386.3333333333333,1.0,103.90000000000002,3.4283333333333332,6.373333333333334,223.88333333333333,18.576666666666668,7.038333333333334,429.93333333333334,1
2018-03-19 12:00:00,110.48333333333333,13.365,6.871666666666667,161.70000000000002,10.07,6.603333333333333,381.56666666666666,1.0,103.23333333333333,3.5549999999999997,6.571666666666666,218.01666666666668,31.171666666666667,7.181666666666666,432.8666666666666,1
2018-03-19 18:00:00,110.71666666666665,13.334999999999999,7.051666666666667,154.75,9.855,6.496666666666666,382.63333333333327,1.0,104.35000000000001,3.7216666666666662,7.008333333333333,212.46666666666667,9.505,7.271666666666666,432.90000000000003,1
2018-03-20 00:00:00,110.44999999999999,13.231666666666667,7.268333333333334,155.45000000000002,9.229999999999999,6.4750000000000005,391.3,1.0,104.08333333333333,3.921666666666667,7.218333333333334,204.75,19.599999999999998,7.065,437.1000000000001,1
2018-03-20 06:00:00,110.41666666666667,13.160000000000002,7.476666666666667,158.18333333333334,9.035,6.508333333333333,393.25,1.0,104.08333333333333,4.193333333333334,7.1883333333333335,195.98333333333332,88.19,6.9799999999999995,450.56666666666666,1
2018-03-20 12:00:00,109.5,12.993333333333334,7.66,157.99999999999997,10.798333333333334,6.510000000000001,394.8,1.0,103.76666666666667,4.466666666666667,7.241666666666667,186.73333333333335,53.35166666666666,6.968333333333334,456.06666666666666,1
2018-03-20 18:00:00,109.48333333333335,12.9,7.93,158.61666666666667,12.788333333333332,6.559999999999999,388.4833333333333,1.0,103.26666666666665,4.555,7.28,183.18333333333337,86.43666666666667,6.93,460.09999999999997,1
2018-03-21 00:00:00,108.93333333333334,12.809999999999997,8.016666666666666,160.63333333333333,9.65,6.55,390.34999999999997,1.0,101.85000000000001,4.2683333333333335,7.4866666666666655,189.70000000000002,27.425,6.885000000000001,454.93333333333334,1
2018-03-21 06:00:00,108.78333333333335,12.798333333333334,8.003333333333334,158.91666666666666,10.785000000000002,6.533333333333334,396.3,1.0,102.56666666666666,4.545,7.601666666666667,181.5666666666667,31.48,6.946666666666666,456.43333333333334,1
2018-03-21 12:00:00,108.86666666666667,12.770000000000001,8.123333333333333,157.16666666666666,15.118333333333334,6.531666666666666,397.6499999999999,1.0,101.05,4.453333333333334,7.6816666666666675,182.1833333333333,8.81,6.941666666666667,458.7333333333334,1
2018-03-21 18:00:00,109.91666666666667,12.965000000000002,7.8933333333333335,153.4333333333333,17.848333333333333,6.496666666666667,394.71666666666664,1.0,98.96666666666668,4.176666666666667,7.861666666666667,187.63333333333333,40.645,6.973333333333334,453.3666666666666,1
2018-03-22 00:00:00,109.53333333333335,13.001666666666665,7.638333333333333,148.81666666666663,20.595000000000002,6.448333333333333,401.1499999999999,1.0,97.73333333333333,4.388333333333333,7.656666666666666,179.54999999999998,102.62166666666667,6.94,456.28333333333336,1
2018-03-22 06:00:00,110.05000000000001,13.136666666666665,7.415,144.28333333333333,24.310000000000002,6.391666666666667,409.5,1.0,98.30000000000001,4.920000000000001,7.25,164.95000000000002,129.43666666666667,6.885000000000001,468.06666666666666,1
2018-03-22 12:00:00,111.48333333333333,13.318333333333333,7.381666666666667,144.26666666666665,23.893333333333334,6.419999999999999,406.7333333333333,1.0,98.69999999999999,5.446666666666666,6.9316666666666675,151.13333333333335,101.65333333333335,6.836666666666666,476.3833333333334,1
2018-03-22 18:00:00,113.16666666666664,13.508333333333333,7.413333333333333,143.21666666666667,24.575000000000003,6.438333333333333,393.76666666666665,1.0,101.56,12.232,7.106,0.11706000000000001,12.978,6.867999999999999,425.71999999999997,1
2018-03-23 00:00:00,113.2,13.615,7.1025,144.625,21.755000000000003,6.375,398.25000000000006,1.0,102.16666666666667,12.38,6.866666666666667,0.11540000000000002,39.04666666666667,6.96,451.8,1
2018-03-23 06:00:00,,,,,,,,,102.71666666666665,12.523333333333333,6.616666666666666,0.11613333333333332,22.49666666666667,6.996666666666667,459.86666666666673,1
2018-03-23 12:00:00,,,,,,,,,103.55,12.658333333333331,6.516666666666668,0.11666666666666665,25.063333333333333,7.065,460.3,1
2018-03-23 18:00:00,,,,,,,,,104.71666666666668,12.713333333333333,6.788333333333333,0.11716666666666666,23.51,7.120000000000001,451.75,1
2018-03-24 00:00:00,,,,,,,,,104.40000000000002,12.700000000000001,6.715,0.11721666666666668,27.066666666666666,6.973333333333333,452.71666666666664,1
2018-03-24 06:00:00,,,,,,,,,103.94999999999999,12.713333333333333,6.501666666666666,0.11813333333333333,24.691666666666666,6.996666666666667,454.73333333333335,1
2018-03-24 12:00:00,,,,,,,,,104.58333333333333,12.815,6.413333333333334,0.12118333333333332,18.235000000000003,7.031666666666666,453.40000000000003,1
2018-03-24 18:00:00,,,,,,,,,105.18333333333334,12.88,6.443333333333334,0.12355,19.385,7.071666666666665,449.88333333333327,1
2018-03-25 00:00:00,,,,,,,,,104.87499999999999,12.87625,6.331249999999999,0.1239,18.51,7.029999999999999,449.375,1
2018-03-25 06:00:00,,,,,,,,,104.05,12.85,6.118333333333333,0.12335000000000002,18.618333333333336,6.995,451.2333333333333,1
2018-03-25 12:00:00,,,,,,,,,104.96666666666665,12.978333333333333,6.065,0.1254,14.135,7.16,446.6666666666666,1
2018-03-25 18:00:00,,,,,,,,,106.11666666666667,12.966666666666663,6.523333333333333,0.12673333333333336,14.816666666666668,7.276666666666667,434.98333333333335,1
2018-03-26 00:00:00,,,,,,,,,105.91666666666667,12.926666666666668,6.578333333333334,0.12830000000000003,12.936666666666667,7.05,439.5,1
2018-03-26 06:00:00,,,,,,,,,106.33333333333333,13.01,6.474999999999999,0.1307,10.64333333333333,7.06,441.46666666666664,1
2018-03-26 12:00:00,,,,,,,,,107.21666666666665,13.148333333333333,6.38,0.1335833333333333,9.178333333333335,7.183333333333334,439.09999999999997,1
2018-03-26 18:00:00,,,,,,,,,108.21666666666664,13.19,6.619999999999998,0.1340833333333333,8.628333333333332,7.3,433.0833333333333,1
2018-03-27 00:00:00,,,,,,,,,107.58333333333336,13.078333333333331,6.736666666666667,0.13428333333333334,9.286666666666665,7.103333333333335,434.4833333333333,1
2018-03-27 06:00:00,,,,,,,,,107.78333333333332,13.035000000000002,6.950000000000002,0.13705,8.261666666666665,7.118333333333333,430.48333333333335,1
2018-03-27 12:00:00,,,,,,,,,107.36666666666666,12.976666666666668,6.958333333333333,0.13865000000000002,9.655,7.1549999999999985,428.15000000000003,1
2018-03-27 18:00:00,,,,,,,,,107.94999999999999,13.013333333333334,7.0683333333333325,0.14083333333333334,7.053333333333335,7.1933333333333325,426.63333333333327,1
2018-03-28 00:00:00,,,,,,,,,107.89999999999999,12.935,7.288333333333334,0.14386666666666667,6.843333333333334,7.128333333333334,428.34999999999997,1
2018-03-28 06:00:00,,,,,,,,,107.81666666666665,12.848333333333334,7.538333333333334,0.1446666666666667,6.671666666666666,7.1499999999999995,425.8166666666666,1
2018-03-28 12:00:00,,,,,,,,,107.75,12.839999999999998,7.533333333333331,0.14446666666666666,6.923333333333333,7.186666666666668,422.85000000000014,1
2018-03-28 18:00:00,,,,,,,,,106.58333333333333,12.689999999999998,7.571666666666666,0.14420000000000002,9.090000000000002,7.164999999999999,419.99999999999994,1
2018-03-29 00:00:00,,,,,,,,,103.10000000000001,12.073333333333336,8.261666666666667,0.14456666666666668,19.595000000000002,7.063333333333333,423.6833333333332,1
2018-03-29 06:00:00,,,,,,,,,101.68333333333334,11.816666666666668,8.57,0.14303333333333332,29.288333333333338,7.07,428.65000000000003,1
2018-03-29 12:00:00,,,,,,,,,100.61666666666667,11.618333333333332,8.825,0.13706666666666667,71.89333333333332,7.056666666666666,433.06666666666666,1
2018-03-29 18:00:00,,,,,,,,,101.66666666666669,11.608333333333334,9.283333333333331,0.12836666666666666,108.15833333333332,7.06,433.4166666666667,1
2018-03-30 00:00:00,,,,,,,,,101.0,11.466666666666669,9.53,0.12228333333333335,117.7,7.028333333333333,436.6500000000001,1
2018-03-30 06:00:00,,,,,,,,,99.68333333333332,11.261666666666668,9.736666666666665,0.11493333333333333,118.94999999999999,6.978333333333333,444.5,1
2018-03-30 12:00:00,,,,,,,,,99.18333333333334,11.183333333333335,9.833333333333334,0.11230000000000001,99.25833333333331,6.983333333333334,446.53333333333336,1
2018-03-30 18:00:00,,,,,,,,,99.19999999999999,11.205,9.758333333333333,0.10941666666666666,104.295,6.97,444.08333333333326,1
2018-03-31 00:00:00,,,,,,,,,99.38333333333333,11.274999999999999,9.576666666666666,0.10463333333333334,91.77833333333332,6.908333333333334,449.43333333333334,1
2018-03-31 06:00:00,,,,,,,,,99.68333333333334,11.35,9.416666666666666,0.10354999999999999,73.33333333333333,6.8983333333333325,454.01666666666665,1
2018-03-31 12:00:00,,,,,,,,,101.83333333333331,11.626666666666665,9.308333333333332,0.10773333333333335,56.775000000000006,6.993333333333335,451.1166666666666,1
2018-03-31 18:00:00,,,,,,,,,103.95,11.786666666666667,9.589999999999998,0.10904999999999998,40.84499999999999,7.131666666666668,437.7833333333333,1
2018-04-01 00:00:00,,,,,,,,,103.5,11.754999999999999,9.5125,0.10567499999999999,40.112500000000004,6.9624999999999995,442.84999999999997,1
