,ODO % sat_chesa,ODO mg/L_chesa,Temp °C_chesa,SpCond µS/cm_chesa,Turbidity NTU_chesa,pH_chesa,ORP mV_chesa,Depth m_chesa,ODO % sat_charl,ODO mg/L_charl,Temp °C_charl,SpCond µS/cm_charl,Turbidity NTU_charl,pH_charl,ORP mV_charl,Depth m_charl,Discharge,Gage height
2018-01-11 18:00:00,122.175,17.2225,0.4975,214.0,5.08,6.84,286.325,1.0,108.89999999999999,4.8525,1.7025,200.375,2.7399999999999998,7.135000000000001,166.55,1.0,,
2018-01-12 00:00:00,121.99999999999999,17.198333333333334,0.5083333333333333,211.78333333333333,5.213333333333334,6.688333333333335,283.95,1.0,107.58333333333333,4.59,1.5533333333333335,206.70000000000002,2.7066666666666666,6.9049999999999985,155.48333333333332,1.0,6325.0,18.175
2018-01-12 06:00:00,121.78333333333335,17.138333333333332,0.5583333333333333,209.25,5.531666666666667,6.629999999999999,279.95,1.0,106.43333333333334,4.1883333333333335,1.5933333333333335,216.9333333333333,14.99,6.926666666666666,155.08333333333334,1.0,7954.583333333333,18.515416666666663
2018-01-12 12:00:00,121.80000000000001,17.028333333333332,0.795,208.18333333333337,5.721666666666667,6.614999999999999,280.85,1.0,106.85000000000001,4.101666666666667,1.8183333333333334,219.23333333333335,10.714999999999998,6.978333333333333,151.85,1.0,10021.25,18.330000000000002
2018-01-12 18:00:00,121.76666666666667,16.915000000000003,1.0166666666666666,213.71666666666667,6.216666666666666,6.620000000000001,281.05,1.0,106.45,4.256666666666667,1.6900000000000002,214.5,6.255,6.9750000000000005,151.4,1.0,10722.083333333334,18.540833333333335
2018-01-13 00:00:00,121.40000000000002,16.733333333333334,1.3083333333333333,218.4666666666667,7.993333333333332,6.653333333333333,275.2833333333333,1.0,105.28333333333332,4.286666666666666,1.5766666666666669,212.53333333333333,12.033333333333333,6.945,148.56666666666663,1.0,14975.0,19.015
2018-01-13 06:00:00,120.36666666666666,16.545,1.4050000000000002,217.9,18.723333333333336,6.673333333333335,259.4166666666667,1.0,104.89999999999999,4.103333333333333,1.53,217.85,18.673333333333332,6.946666666666666,146.70000000000002,1.0,31908.333333333332,20.210416666666667
2018-01-13 12:00:00,118.93333333333334,16.073333333333334,2.026666666666667,217.51666666666668,23.450000000000003,6.66,254.35,1.0,104.76666666666665,4.476666666666667,1.4066666666666665,207.06666666666663,31.57833333333333,6.9316666666666675,144.33333333333331,1.0,44095.833333333336,21.10416666666666
2018-01-13 18:00:00,120.33333333333333,15.801666666666668,3.0900000000000003,187.33333333333334,36.87,6.583333333333333,260.04999999999995,1.0,104.35000000000001,4.881666666666667,1.6683333333333332,194.0,26.698333333333334,6.925,140.11666666666667,1.0,55533.333333333336,22.507916666666663
2018-01-14 00:00:00,123.71666666666665,16.275000000000002,3.026666666666667,168.15,94.20166666666667,6.375,274.61666666666673,1.0,104.61666666666667,5.553333333333334,2.7566666666666664,172.15,0.0,6.883333333333333,145.06666666666663,1.0,50241.666666666664,22.100416666666664
2018-01-14 06:00:00,126.21666666666665,16.8,2.595,150.63333333333333,100.81666666666666,6.2749999999999995,281.28333333333336,1.0,107.00000000000001,6.585,2.8366666666666664,149.55,16.165000000000003,6.714999999999999,156.3166666666667,1.0,52370.833333333336,22.254166666666663
2018-01-14 12:00:00,128.68333333333337,17.22,2.398333333333333,135.46666666666667,91.735,6.203333333333333,283.0833333333333,1.0,109.56666666666666,7.558333333333334,2.545,132.39999999999998,14.56,6.618333333333332,163.16666666666666,1.0,53408.333333333336,22.15833333333333
2018-01-14 18:00:00,129.7,17.395,2.315,148.13333333333333,96.29833333333333,6.255,279.46666666666664,1.0,112.21666666666668,8.409999999999998,2.4483333333333337,118.86666666666667,29.831666666666667,6.573333333333333,164.48333333333332,1.0,59991.666666666664,23.255416666666672
2018-01-15 00:00:00,130.45000000000002,17.711666666666666,1.8683333333333334,155.98333333333332,129.35,6.261666666666667,286.2,1.0,112.26666666666667,7.8133333333333335,2.2566666666666664,132.13333333333335,0.0,6.573333333333333,158.51666666666665,1.0,61225.0,23.364166666666673
2018-01-15 06:00:00,130.46666666666667,18.220000000000002,0.8466666666666667,167.33333333333334,104.93833333333335,6.23,289.74999999999994,1.0,112.51666666666665,7.588333333333334,1.7833333333333332,139.36666666666665,0.0,6.615000000000001,157.08333333333334,1.0,54900.0,22.7975
2018-01-15 12:00:00,131.71666666666667,18.543333333333333,0.5466666666666666,164.48333333333332,89.27500000000002,6.203333333333333,289.48333333333335,1.0,112.26666666666667,7.3066666666666675,0.9183333333333333,148.71666666666667,0.0,6.621666666666667,153.89999999999998,1.0,47416.666666666664,21.71291666666666
2018-01-15 18:00:00,131.96666666666667,18.485,0.7266666666666667,161.11666666666667,95.50999999999999,6.2316666666666665,284.75,1.0,113.71666666666668,7.428333333333335,0.7966666666666667,148.70000000000002,21.948333333333334,6.636666666666667,151.9333333333333,1.0,39500.0,20.697916666666668
2018-01-16 00:00:00,130.20000000000002,18.103333333333335,1.0,153.0,91.89166666666665,6.218333333333333,285.99999999999994,1.0,113.68333333333332,7.593333333333333,0.7366666666666667,145.4333333333333,22.948333333333334,6.600000000000001,149.95000000000002,1.0,37941.666666666664,20.51958333333333
2018-01-16 06:00:00,129.18333333333334,17.828333333333333,1.2700000000000002,144.28333333333333,64.00166666666667,6.193333333333334,288.63333333333327,1.0,113.06666666666666,7.741666666666667,0.86,140.91666666666666,73.05,6.576666666666667,150.08333333333334,1.0,31145.833333333332,19.809583333333336
2018-01-16 12:00:00,128.98333333333332,17.68,1.515,141.3166666666667,65.53,6.191666666666666,289.3,1.0,111.8,7.966666666666668,1.0716666666666665,133.48333333333332,60.870000000000005,6.5616666666666665,149.85000000000002,1.0,32475.0,20.10166666666667
2018-01-16 18:00:00,128.41666666666666,17.578333333333333,1.5616666666666668,138.29999999999998,60.50000000000001,6.176666666666667,288.8666666666666,1.0,111.44999999999999,8.23,1.3,126.48333333333335,57.788333333333334,6.555,149.9333333333333,1.0,29829.166666666668,19.821666666666665
2018-01-17 00:00:00,126.56666666666668,17.34,1.5383333333333333,135.15,59.669999999999995,6.138333333333333,292.40000000000003,1.0,110.86666666666667,8.211666666666668,1.3283333333333334,125.83333333333333,56.595,6.5249999999999995,151.15,1.0,28525.0,19.654999999999998
2018-01-17 06:00:00,125.16666666666667,17.186666666666667,1.4533333333333331,130.73333333333332,57.61166666666666,6.091666666666668,294.81666666666666,1.0,110.28333333333332,8.348333333333333,1.2683333333333333,122.43333333333334,52.82666666666666,6.489999999999999,154.35,1.0,30295.833333333332,19.89625
2018-01-17 12:00:00,125.48333333333333,17.255,1.3999999999999997,130.95000000000002,54.248333333333335,6.073333333333333,296.65000000000003,1.0,108.96666666666668,8.48,1.2533333333333334,117.71666666666665,50.63333333333333,6.456666666666666,156.0,1.0,28454.166666666668,19.839166666666667
2018-01-17 18:00:00,125.56666666666666,17.263333333333332,1.4166666666666667,128.43333333333334,50.160000000000004,6.081666666666667,295.3833333333334,1.0,108.78333333333335,8.585,1.3399999999999999,114.91666666666667,47.699999999999996,6.468333333333333,155.91666666666669,1.0,26141.666666666668,19.399166666666666
2018-01-18 00:00:00,125.93333333333334,17.37333333333333,1.2883333333333333,129.49999999999997,44.578333333333326,6.063333333333333,299.84999999999997,1.0,108.61666666666666,8.628333333333332,1.2483333333333333,114.25,45.974999999999994,6.418333333333333,156.5,1.0,20162.5,19.071666666666662
2018-01-18 06:00:00,125.71666666666668,17.44666666666667,1.07,133.21666666666667,42.31666666666667,6.038333333333334,305.5333333333333,1.0,108.21666666666664,8.651666666666667,1.1033333333333333,113.73333333333333,46.175000000000004,6.390000000000001,157.65,1.0,19145.833333333332,19.18041666666667
2018-01-18 12:00:00,125.03333333333335,17.455000000000002,0.8566666666666666,132.4666666666667,42.81333333333333,6.035,307.8666666666667,1.0,108.61666666666667,8.673333333333334,0.985,114.51666666666667,40.861666666666665,6.453333333333334,159.83333333333334,1.0,17012.5,18.840833333333336
2018-01-18 18:00:00,125.48333333333333,17.48333333333333,0.9249999999999999,131.85,48.09833333333333,6.03,309.15000000000003,1.0,109.51666666666667,8.635,1.175,115.86666666666666,38.835,6.578333333333333,163.11666666666667,1.0,15766.666666666666,18.692500000000003
2018-01-19 00:00:00,125.23333333333333,17.505,0.8183333333333332,133.71666666666667,46.135,5.993333333333333,314.65000000000003,1.0,109.61666666666666,8.569999999999999,1.1366666666666667,117.51666666666665,32.07999999999999,6.428333333333334,156.43333333333334,1.0,17666.666666666668,19.019583333333333
2018-01-19 06:00:00,124.75,17.46166666666667,0.7599999999999999,139.15,41.23166666666667,5.97,320.25,1.0,108.88333333333334,8.485000000000001,0.8516666666666666,119.41666666666667,34.80833333333333,6.403333333333333,156.79999999999998,1.0,13245.833333333334,18.475833333333338
2018-01-19 12:00:00,121.66666666666669,17.791666666666664,-0.6616666666666666,83.25,10.995000000000005,6.141666666666667,266.13333333333327,1.0,108.45,8.568333333333333,0.6616666666666667,117.93333333333334,33.541666666666664,6.478333333333333,159.71666666666667,1.0,13520.833333333334,18.730833333333333
2018-01-19 18:00:00,117.61666666666667,16.799999999999997,0.051666666666666666,105.8,-1.0999999999999999,5.989999999999999,254.26666666666665,1.0,108.64999999999999,8.486666666666666,0.9233333333333333,118.64999999999999,31.69,6.6000000000000005,165.81666666666666,1.0,11792.5,18.521666666666665
2018-01-20 00:00:00,121.18333333333334,17.076666666666664,0.5233333333333333,137.61666666666667,18.14333333333333,6.081666666666666,277.4833333333333,1.0,108.56666666666666,8.441666666666668,0.9516666666666668,119.33333333333333,33.02333333333333,6.39,158.86666666666665,1.0,12505.833333333334,18.72708333333333
2018-01-20 06:00:00,124.60000000000001,17.445000000000004,0.7566666666666667,142.46666666666667,28.941666666666663,6.091666666666668,283.73333333333335,1.0,108.0,8.32,0.9466666666666667,120.96666666666668,29.075000000000003,6.38,158.66666666666669,1.0,11676.666666666666,18.39791666666667
2018-01-20 12:00:00,124.76666666666667,17.401666666666667,0.8849999999999999,146.50000000000003,28.331666666666667,6.131666666666667,284.51666666666665,1.0,107.71666666666668,8.298333333333332,0.85,121.34999999999998,29.121666666666666,6.47,161.20000000000002,1.0,11570.833333333334,18.657083333333333
2018-01-20 18:00:00,125.2,17.34166666666667,1.14,143.3,32.0,6.134999999999999,285.0833333333333,1.0,108.60000000000002,8.178333333333333,1.1900000000000002,123.68333333333334,23.751666666666665,6.596666666666667,166.33333333333334,1.0,9280.0,18.5125
2018-01-21 00:00:00,123.16666666666667,17.171666666666667,0.9116666666666666,143.56666666666666,31.823333333333334,6.093333333333333,289.1333333333333,1.0,108.91666666666667,7.998333333333334,1.2733333333333334,127.56666666666668,23.868333333333336,6.43,158.73333333333332,1.0,10916.666666666666,18.37541666666667
2018-01-21 06:00:00,122.58333333333333,17.088333333333335,0.9083333333333333,149.21666666666667,21.086666666666666,6.101666666666667,293.4833333333333,1.0,109.10000000000001,7.81,1.4749999999999999,130.9,23.135,6.436666666666667,157.95000000000002,1.0,9459.166666666666,18.454166666666662
2018-01-21 12:00:00,122.88333333333334,17.078333333333333,1.015,152.15,17.621666666666666,6.121666666666666,296.06666666666666,1.0,108.91666666666667,7.723333333333334,1.5233333333333334,132.26666666666668,20.76,6.461666666666666,158.51666666666665,1.0,8847.083333333334,18.504166666666666
2018-01-21 18:00:00,123.63333333333333,17.01166666666667,1.3716666666666668,155.08333333333334,16.686666666666667,6.19,293.4166666666667,1.0,109.31666666666666,7.641666666666667,1.6866666666666668,133.85000000000002,21.814999999999998,6.503333333333334,160.35,1.0,9315.416666666666,18.3175
2018-01-22 00:00:00,123.03333333333335,16.881666666666668,1.4716666666666667,156.49999999999997,15.575000000000003,6.2250000000000005,291.65000000000003,1.0,108.26666666666665,7.5,1.6483333333333334,135.48333333333335,22.10666666666667,6.453333333333333,158.28333333333333,1.0,9309.166666666666,18.287083333333328
2018-01-22 06:00:00,122.11666666666667,16.81,1.3566666666666667,158.26666666666665,14.935,6.188333333333333,295.6333333333333,1.0,107.33333333333333,7.359999999999999,1.566666666666667,137.58333333333331,20.53166666666667,6.438333333333333,158.31666666666663,1.0,8242.083333333334,18.215
2018-01-22 12:00:00,122.2,16.825,1.3433333333333335,162.66666666666666,13.835,6.195,296.3333333333333,1.0,107.08333333333333,7.283333333333334,1.5983333333333334,138.73333333333332,19.10666666666667,6.4750000000000005,159.5,1.0,8814.166666666666,18.48541666666667
2018-01-22 18:00:00,123.58333333333333,16.871666666666666,1.6566666666666665,163.1,12.590000000000002,6.245,295.4166666666667,1.0,107.95,7.1883333333333335,1.9599999999999997,140.6,17.016666666666666,6.553333333333332,160.88333333333333,1.0,9453.333333333334,18.571249999999996
2018-01-23 00:00:00,123.86666666666667,16.806666666666665,1.8866666666666665,163.45000000000002,12.521666666666667,6.271666666666667,295.1666666666667,1.0,107.61666666666666,6.951666666666667,2.1350000000000002,144.73333333333332,16.276666666666667,6.513333333333333,156.7,1.0,8123.75,18.361250000000005
2018-01-23 06:00:00,122.48333333333333,16.496666666666666,2.1533333333333338,163.86666666666667,13.066666666666668,6.296666666666667,295.73333333333335,1.0,107.16666666666667,6.738333333333333,2.2333333333333334,148.56666666666666,14.708333333333334,6.521666666666667,156.03333333333333,1.0,8968.75,18.576249999999998
2018-01-23 12:00:00,121.33333333333331,16.285,2.2833333333333337,166.48333333333335,13.086666666666666,6.325,297.73333333333335,1.0,106.56666666666666,6.4799999999999995,2.138333333333333,154.21666666666667,14.316666666666668,6.583333333333332,156.61666666666667,1.0,9572.5,18.461666666666662
2018-01-23 18:00:00,121.50000000000001,16.206666666666667,2.5016666666666665,172.13333333333335,14.103333333333333,6.338333333333334,298.48333333333335,1.0,106.56666666666666,6.378333333333334,2.2383333333333333,156.20000000000002,13.506666666666668,6.633333333333333,158.0,1.0,10938.75,18.515416666666663
2018-01-24 00:00:00,121.30000000000001,16.173333333333332,2.521666666666667,173.30000000000004,13.574999999999998,6.338333333333334,300.48333333333335,1.0,106.46666666666665,6.294999999999999,2.285,157.98333333333332,13.795,6.591666666666666,154.61666666666667,1.0,8711.25,18.50375
2018-01-24 06:00:00,119.81666666666666,15.935,2.6216666666666666,169.21666666666667,13.735,6.338333333333334,301.34999999999997,1.0,106.38333333333334,6.345,2.403333333333333,156.04999999999998,11.88,6.590000000000001,155.53333333333333,1.0,11388.333333333334,18.694166666666664
2018-01-24 12:00:00,118.86666666666666,15.718333333333334,2.8350000000000004,170.9,12.975,6.341666666666666,302.31666666666666,1.0,105.38333333333333,6.333333333333333,2.415,154.85,11.726666666666667,6.588333333333332,156.98333333333335,1.0,10866.666666666666,18.394166666666674
2018-01-24 18:00:00,120.13333333333333,15.765,3.1116666666666664,171.10000000000002,12.545000000000002,6.396666666666667,301.0833333333333,1.0,104.96666666666665,6.253333333333334,2.528333333333333,155.71666666666667,11.081666666666665,6.611666666666667,159.46666666666667,1.0,10737.5,18.492083333333337
2018-01-25 00:00:00,118.09999999999998,15.445,3.2516666666666665,171.33333333333334,12.891666666666666,6.4316666666666675,300.96666666666664,1.0,104.51666666666667,6.173333333333333,2.545,157.01666666666668,10.713333333333333,6.588333333333334,158.23333333333335,1.0,12766.666666666666,18.787916666666668
2018-01-25 06:00:00,116.28333333333332,15.211666666666668,3.235,171.11666666666667,11.991666666666667,6.3999999999999995,305.68333333333334,1.0,103.66666666666667,6.126666666666666,2.6033333333333335,156.66666666666666,10.746666666666664,6.581666666666666,158.9333333333333,1.0,11287.5,18.648750000000003
2018-01-25 12:00:00,116.60000000000001,15.231666666666664,3.28,173.5833333333333,10.89,6.436666666666667,308.6666666666667,1.0,104.01666666666665,6.164999999999999,2.75,155.54999999999998,10.468333333333332,6.6933333333333325,162.76666666666668,1.0,11362.5,18.511250000000004
2018-01-25 18:00:00,117.63333333333333,15.253333333333332,3.565,172.33333333333334,10.431666666666667,6.496666666666667,310.13333333333327,1.0,104.66666666666667,6.128333333333334,3.233333333333333,155.63333333333333,9.866666666666667,6.838333333333334,169.9,1.0,11354.166666666666,18.38
2018-01-26 00:00:00,117.01666666666665,15.225,3.44,170.9666666666667,12.015,6.435,311.7,1.0,103.06666666666668,6.021666666666667,3.3516666666666666,155.48333333333332,9.596666666666666,6.671666666666667,162.4,1.0,10494.583333333334,18.44458333333333
2018-01-26 06:00:00,117.19999999999999,15.318333333333335,3.27,171.19999999999996,11.705,6.3933333333333335,317.73333333333335,1.0,102.13333333333333,6.010000000000001,3.316666666666667,154.5,8.726666666666667,6.671666666666667,163.45000000000002,1.0,11020.833333333334,18.62541666666667
2018-01-26 12:00:00,118.13333333333333,15.479999999999999,3.171666666666667,170.85,9.548333333333334,6.476666666666667,319.01666666666665,1.0,101.73333333333333,6.0,3.1766666666666663,154.78333333333333,8.263333333333334,6.746666666666666,166.21666666666667,1.0,12225.0,18.618750000000002
2018-01-26 18:00:00,119.48333333333333,15.551666666666668,3.42,170.28333333333333,9.63,6.515,320.55,1.0,102.68333333333334,6.026666666666667,3.5066666666666664,154.21666666666667,8.178333333333333,6.863333333333332,172.01666666666668,1.0,10445.416666666666,18.529999999999998
2018-01-27 00:00:00,118.98333333333333,15.536666666666667,3.301666666666667,168.93333333333334,9.723333333333334,6.446666666666666,325.6166666666666,1.0,102.66666666666667,6.035,3.5016666666666665,153.96666666666667,7.591666666666666,6.696666666666666,168.00000000000003,1.0,11266.666666666666,18.331249999999997
2018-01-27 06:00:00,118.95,15.561666666666666,3.231666666666667,167.93333333333334,9.518333333333333,6.405,329.31666666666666,1.0,103.33333333333333,6.095,3.4433333333333334,153.66666666666666,7.266666666666667,6.686666666666667,170.29999999999998,1.0,9885.0,18.42
2018-01-27 12:00:00,120.38333333333333,15.71,3.328333333333333,171.35000000000002,9.245,6.448333333333333,330.1,1.0,103.38333333333333,6.121666666666666,3.3533333333333335,153.3666666666667,7.260000000000001,6.705000000000001,172.60000000000002,1.0,9587.916666666666,18.565416666666664
2018-01-27 18:00:00,121.63333333333333,15.753333333333336,3.611666666666667,173.26666666666665,9.711666666666666,6.526666666666666,328.96666666666664,1.0,104.21666666666668,6.113333333333333,3.608333333333333,153.85,7.098333333333334,6.735,175.78333333333333,1.0,9918.75,18.642500000000005
2018-01-28 00:00:00,120.69999999999999,15.666666666666666,3.5316666666666676,172.9333333333333,9.266666666666667,6.491666666666667,332.4833333333333,1.0,104.11666666666667,6.125,3.6166666666666667,153.46666666666667,6.831666666666668,6.6816666666666675,178.98333333333335,1.0,10679.166666666666,18.53
2018-01-28 06:00:00,120.35000000000001,15.656666666666668,3.4433333333333334,175.66666666666666,9.345,6.456666666666667,334.9166666666667,1.0,104.71666666666665,5.911666666666666,3.766666666666667,159.1,7.133333333333333,6.683333333333333,181.33333333333334,1.0,10621.25,18.368749999999995
2018-01-28 12:00:00,121.8,15.821666666666665,3.5033333333333334,179.88333333333335,9.854999999999999,6.481666666666666,336.84999999999997,1.0,105.21666666666665,5.5183333333333335,3.91,169.6,9.215000000000002,6.698333333333333,183.23333333333335,1.0,9499.583333333334,18.658333333333335
2018-01-28 18:00:00,122.55,15.831666666666665,3.705,185.08333333333334,9.363333333333335,6.555,336.8333333333333,1.0,105.44999999999999,5.536666666666666,3.9749999999999996,169.19999999999996,7.745,6.716666666666666,186.4333333333333,1.0,13008.333333333334,18.621250000000003
2018-01-29 00:00:00,120.96666666666665,15.606666666666667,3.758333333333333,186.60000000000002,9.168333333333333,6.564999999999999,335.98333333333335,1.0,104.75,5.605,3.8033333333333332,167.04999999999998,7.27,6.6816666666666675,189.46666666666667,1.0,12900.0,18.752083333333335
2018-01-29 06:00:00,119.64999999999998,15.436666666666667,3.753333333333334,189.95000000000002,9.065,6.528333333333333,339.28333333333336,1.0,104.36666666666666,5.513333333333333,3.6333333333333333,169.51666666666665,7.509999999999999,6.651666666666666,192.38333333333333,1.0,15962.5,18.879166666666666
2018-01-29 12:00:00,119.71666666666665,15.413333333333332,3.836666666666666,191.4,9.758333333333333,6.546666666666667,340.5166666666667,1.0,105.25,5.651666666666667,3.6266666666666665,167.11666666666667,8.276666666666667,6.695,193.6,1.0,16807.69230769231,18.902307692307694
2018-01-29 18:00:00,121.28333333333332,15.413333333333334,4.33,192.16666666666666,9.854999999999999,6.655000000000001,338.95,1.0,106.46666666666665,5.63,3.951666666666666,168.21666666666667,6.126666666666665,6.868333333333332,195.46666666666667,1.0,17929.41176470588,18.988235294117647
2018-01-30 00:00:00,119.26666666666667,15.078333333333333,4.528333333333333,192.61666666666665,9.291666666666666,6.668333333333334,338.04999999999995,1.0,105.39999999999999,5.406666666666666,4.055000000000001,172.26666666666665,7.178333333333334,6.753333333333333,192.79999999999998,1.0,15020.833333333334,18.62416666666667
2018-01-30 06:00:00,117.33333333333333,14.835,4.528333333333333,189.33333333333334,9.558333333333335,6.613333333333333,340.7666666666667,1.0,104.78333333333332,5.351666666666667,3.908333333333333,173.41666666666666,7.466666666666668,6.734999999999999,192.71666666666667,1.0,14750.0,18.80541666666667
2018-01-30 12:00:00,117.48333333333333,14.908333333333333,4.39,186.33333333333334,10.61,6.596666666666667,341.09999999999997,1.0,103.81666666666666,5.284999999999999,3.7550000000000003,174.48333333333335,6.5633333333333335,6.75,193.23333333333335,1.0,17725.0,18.95875
2018-01-30 18:00:00,117.43333333333334,14.9,4.390000000000001,184.26666666666668,10.348333333333334,6.6116666666666655,341.2,1.0,103.58333333333333,5.271666666666667,4.0616666666666665,173.46666666666667,6.866666666666666,6.9316666666666675,197.46666666666667,1.0,14354.166666666666,18.685416666666672
2018-01-31 00:00:00,116.14999999999999,14.784999999999998,4.258333333333333,181.46666666666667,9.941666666666668,6.544999999999999,343.40000000000003,1.0,102.91666666666667,5.276666666666666,4.1000000000000005,172.2166666666667,4.595,6.7683333333333335,195.01666666666668,1.0,15912.5,18.834999999999997
2018-01-31 06:00:00,116.39999999999999,14.843333333333334,4.194999999999999,180.8166666666667,9.845,6.519999999999999,343.5833333333333,1.0,102.0,5.321666666666666,4.06,169.79999999999998,5.9433333333333325,6.741666666666667,197.41666666666666,1.0,14916.666666666666,18.744166666666665
2018-01-31 12:00:00,116.93333333333334,14.948333333333332,4.101666666666666,177.15,11.055,6.588333333333332,340.48333333333335,1.0,101.66666666666669,5.420000000000001,3.923333333333334,167.20000000000002,5.8116666666666665,6.753333333333334,200.15,1.0,15533.333333333334,18.590833333333332
2018-01-31 18:00:00,116.51666666666667,14.931666666666667,4.011666666666667,172.4166666666667,10.935,6.536666666666666,342.56666666666666,1.0,102.10000000000001,5.46,4.19,165.71666666666667,6.256666666666668,6.825,204.93333333333337,1.0,14487.5,18.68041666666667
2018-02-01 00:00:00,116.38333333333334,15.021666666666668,3.7399999999999998,168.13333333333333,11.028333333333334,6.428333333333335,348.09999999999997,1.0,102.75,5.521666666666667,4.333333333333333,164.46666666666667,7.078333333333334,6.695,204.16666666666666,1.0,13758.333333333334,18.707916666666666
2018-02-01 06:00:00,117.81666666666668,15.225,3.686666666666666,166.6833333333333,12.111666666666666,6.435,348.55,1.0,102.85000000000001,5.716666666666666,4.306666666666667,159.48333333333335,7.155,6.685,205.0666666666667,1.0,15154.166666666666,18.732916666666668
2018-02-01 12:00:00,118.76666666666667,15.318333333333333,3.763333333333333,167.45,12.176666666666668,6.493333333333333,345.75,1.0,101.64999999999999,5.886666666666667,4.098333333333334,154.01666666666665,8.126666666666667,6.62,209.63333333333333,1.0,14858.333333333334,18.51291666666667
2018-02-01 18:00:00,118.63333333333333,15.333333333333334,3.6966666666666668,168.98333333333332,12.049999999999999,6.471666666666668,346.8500000000001,1.0,101.94999999999999,6.0249999999999995,3.94,151.50000000000003,8.215000000000002,6.563333333333333,213.14999999999998,1.0,13000.0,18.557083333333328
2018-02-02 00:00:00,118.78333333333332,15.37,3.6399999999999992,175.98333333333335,9.293333333333333,6.451666666666665,347.5333333333333,1.0,102.75,5.666666666666667,3.926666666666667,162.08333333333334,9.9,6.578333333333333,211.9666666666667,1.0,13158.333333333334,18.727499999999996
2018-02-02 06:00:00,120.01666666666665,15.518333333333333,3.6699999999999995,182.3166666666667,9.881666666666668,6.535,348.7333333333333,1.0,102.81666666666666,5.716666666666666,3.815,161.25000000000003,8.705,6.598333333333334,211.28333333333333,1.0,16383.333333333334,19.01916666666667
2018-02-02 12:00:00,118.18333333333334,15.38,3.4283333333333332,185.33333333333334,10.415000000000001,6.543333333333333,349.49999999999994,1.0,102.39999999999999,5.783333333333334,3.3433333333333333,160.65,7.1816666666666675,6.603333333333333,216.73333333333335,1.0,16875.0,19.06583333333333
2018-02-02 18:00:00,117.66666666666667,15.405000000000001,3.2033333333333336,183.71666666666667,9.678333333333333,6.486666666666667,354.09999999999997,1.0,103.81666666666666,5.739999999999999,3.2816666666666663,164.03333333333333,7.073333333333334,6.653333333333333,220.26666666666668,1.0,16800.0,18.995000000000008
2018-02-03 00:00:00,117.69999999999999,15.53,2.9233333333333333,184.13333333333333,9.556666666666667,6.421666666666667,356.3666666666666,1.0,104.48333333333333,5.753333333333333,3.2733333333333334,164.73333333333332,6.0683333333333325,6.593333333333333,216.3166666666667,1.0,14791.666666666666,18.667916666666667
2018-02-03 06:00:00,117.61666666666667,15.643333333333333,2.6216666666666666,189.0666666666667,9.565,6.419999999999999,355.8,1.0,103.35000000000001,5.653333333333333,3.0283333333333338,166.65,6.438333333333333,6.573333333333333,216.4,1.0,16120.833333333334,18.635833333333334
2018-02-03 12:00:00,116.89999999999999,15.615,2.4650000000000003,190.70000000000002,8.658333333333333,6.433333333333334,356.23333333333335,1.0,102.01666666666665,5.603333333333334,2.7416666666666667,167.11666666666667,6.368333333333333,6.5666666666666655,218.96666666666667,1.0,12512.5,18.50166666666667
2018-02-03 18:00:00,117.60000000000001,15.643333333333333,2.606666666666667,186.6833333333333,8.360000000000001,6.436666666666667,359.46666666666664,1.0,103.66666666666667,5.703333333333333,2.8833333333333333,166.33333333333334,6.186666666666667,6.618333333333333,220.76666666666665,1.0,11800.0,18.458333333333332
2018-02-04 00:00:00,117.88333333333334,15.706666666666665,2.545,184.1,8.110000000000001,6.386666666666667,359.90000000000003,1.0,103.75,5.663333333333333,2.8383333333333334,167.71666666666667,6.159999999999999,6.531666666666666,217.91666666666666,1.0,12533.333333333334,18.587500000000002
2018-02-04 06:00:00,119.13333333333334,15.86,2.5766666666666667,183.56666666666663,8.113333333333333,6.406666666666667,353.78333333333336,1.0,103.33333333333333,5.561666666666667,2.86,169.6833333333333,5.903333333333333,6.536666666666666,217.5,1.0,13595.833333333334,18.577500000000004
2018-02-04 12:00:00,120.66666666666667,15.938333333333333,2.875,187.75,7.738333333333333,6.4816666666666665,354.0333333333333,1.0,102.23333333333333,5.493333333333332,2.7066666666666666,170.53333333333333,6.0183333333333335,6.500000000000001,218.11666666666667,1.0,15979.166666666666,18.90166666666666
2018-02-04 18:00:00,119.98333333333333,15.820000000000002,2.938333333333333,192.14999999999998,7.881666666666667,6.471666666666668,354.09999999999997,1.0,103.03333333333335,5.1499999999999995,2.6950000000000003,180.98333333333332,6.286666666666666,6.496666666666667,218.54999999999998,1.0,15020.833333333334,18.561250000000005
2018-02-05 00:00:00,120.10000000000001,15.921666666666667,2.733333333333333,191.49999999999997,9.996666666666666,6.395,358.26666666666665,1.0,104.61666666666666,5.416666666666667,2.7900000000000005,175.61666666666665,5.533333333333334,6.506666666666668,218.60000000000002,1.0,18300.0,19.024583333333336
2018-02-05 06:00:00,121.95,16.193333333333335,2.671666666666667,188.96666666666667,11.015,6.4383333333333335,357.4833333333333,1.0,104.73333333333333,5.405,2.9133333333333336,175.58333333333334,5.963333333333334,6.539999999999999,218.36666666666665,1.0,16900.0,18.80416666666667
2018-02-05 12:00:00,119.0,15.828333333333335,2.6149999999999998,185.26666666666665,10.153333333333334,6.443333333333334,356.3333333333333,1.0,103.91666666666667,5.45,2.68,174.04999999999998,5.841666666666668,6.531666666666666,220.46666666666667,1.0,21520.833333333332,19.285833333333333
2018-02-05 18:00:00,119.15000000000002,15.846666666666666,2.6149999999999998,196.75,9.648333333333333,6.425,360.75,1.0,105.81666666666668,5.668333333333333,2.6833333333333336,171.01666666666665,6.166666666666667,6.640000000000001,223.35000000000002,1.0,21262.5,19.086250000000003
2018-02-06 00:00:00,121.06666666666666,16.165000000000003,2.4633333333333334,200.91666666666666,9.703333333333333,6.435,360.75,1.0,105.75,5.72,2.688333333333333,169.63333333333333,6.281666666666666,6.531666666666666,219.76666666666668,1.0,21712.5,19.275000000000002
2018-02-06 06:00:00,120.18333333333334,16.066666666666666,2.4216666666666664,199.16666666666666,8.958333333333332,6.405,358.65000000000003,1.0,104.06666666666666,5.516666666666667,2.466666666666667,173.45000000000002,6.216666666666666,6.478333333333333,222.0,1.0,22316.666666666668,19.17291666666667
2018-02-06 12:00:00,119.53333333333332,16.05333333333333,2.251666666666667,193.98333333333332,9.521666666666667,6.3566666666666665,354.4166666666667,1.0,105.35000000000001,5.423333333333335,2.316666666666667,178.20000000000002,6.138333333333333,6.471666666666668,221.4666666666666,1.0,25537.5,19.565833333333334
2018-02-06 18:00:00,122.33333333333336,16.313333333333333,2.5250000000000004,186.46666666666667,9.813333333333333,6.4383333333333335,353.18333333333334,1.0,105.95,5.551666666666666,2.4116666666666666,175.25,6.775000000000001,6.495000000000001,221.95000000000002,1.0,24733.333333333332,19.357083333333335
2018-02-07 00:00:00,122.16666666666667,16.215,2.6933333333333334,182.23333333333335,9.541666666666668,6.425,350.98333333333335,1.0,105.51666666666665,5.751666666666666,2.32,169.95000000000002,7.416666666666667,6.426666666666666,223.4333333333333,1.0,25104.166666666668,19.52083333333334
2018-02-07 06:00:00,122.63333333333333,16.361666666666665,2.501666666666667,198.1,9.751666666666667,6.368333333333333,350.18333333333334,1.0,106.88333333333333,6.053333333333334,2.516666666666667,163.46666666666667,7.965,6.441666666666667,222.65,1.0,24054.166666666668,19.37958333333334
2018-02-07 12:00:00,123.76666666666665,16.495,2.5366666666666666,210.6833333333333,11.323333333333332,6.391666666666667,347.75,1.0,106.61666666666667,5.785,2.6783333333333332,169.15,9.068333333333333,6.445,222.65,1.0,23912.5,19.460833333333337
2018-02-07 18:00:00,123.66666666666667,16.401666666666667,2.7116666666666673,205.7833333333333,15.763333333333334,6.436666666666667,350.95,1.0,107.3,5.251666666666667,2.6333333333333333,184.08333333333334,10.031666666666666,6.451666666666667,223.46666666666667,1.0,27908.333333333332,19.892083333333325
2018-02-08 00:00:00,122.38333333333333,16.168333333333333,2.865,201.08333333333334,24.351666666666663,6.4383333333333335,351.63333333333327,1.0,107.89999999999999,4.995,2.566666666666667,192.08333333333334,11.176666666666668,6.423333333333335,224.5833333333333,1.0,33891.666666666664,20.325833333333335
2018-02-08 06:00:00,121.46666666666668,15.995,2.9883333333333333,201.0,31.935000000000002,6.486666666666667,335.9166666666667,1.0,107.46666666666668,5.34,2.565,182.26666666666665,20.14666666666667,6.406666666666666,224.89999999999998,1.0,43912.5,21.32333333333333
2018-02-08 12:00:00,122.38333333333334,16.10833333333333,2.9949999999999997,194.53333333333333,34.39666666666667,6.45,330.26666666666665,1.0,106.89999999999999,5.441666666666667,2.748333333333333,178.16666666666666,31.096666666666664,6.453333333333333,224.88333333333333,1.0,50066.666666666664,22.161666666666665
2018-02-08 18:00:00,125.2,16.328333333333333,3.35,184.04999999999998,37.06166666666667,6.448333333333334,348.23333333333335,1.0,107.8,5.653333333333333,2.94,173.10000000000002,31.926666666666666,6.501666666666666,227.5,1.0,53045.833333333336,22.5525
2018-02-09 00:00:00,126.85000000000001,16.531666666666663,3.3683333333333336,169.43333333333337,54.776666666666664,6.38,357.75,1.0,109.58333333333333,6.098333333333333,3.181666666666667,163.58333333333334,44.19833333333333,6.4383333333333335,227.58333333333334,1.0,59812.5,23.343749999999996
2018-02-09 06:00:00,127.18333333333334,16.638333333333335,3.2266666666666666,158.53333333333333,72.44,6.343333333333334,360.79999999999995,1.0,110.81666666666666,6.713333333333334,3.221666666666667,150.41666666666666,55.09166666666667,6.385000000000001,228.85000000000002,1.0,62583.333333333336,23.975416666666664
2018-02-09 12:00:00,127.95,16.81,3.081666666666667,155.35,67.88333333333334,6.38,365.18333333333334,1.0,111.01666666666667,7.145,3.153333333333333,141.1,61.96000000000001,6.359999999999999,229.3333333333333,1.0,62250.0,23.84625
2018-02-09 18:00:00,128.71666666666667,16.701666666666668,3.543333333333333,159.11666666666667,75.59166666666665,6.4766666666666675,365.01666666666665,1.0,111.75,7.278333333333332,3.215,138.81666666666663,62.48500000000001,6.435,228.16666666666666,1.0,59362.5,23.535416666666666
2018-02-10 00:00:00,130.0666666666667,16.795,3.736666666666667,154.01666666666665,76.86,6.454999999999999,366.73333333333335,1.0,111.55,7.068333333333332,3.5066666666666664,142.11666666666665,70.89333333333333,6.448333333333334,226.65,1.0,57216.666666666664,23.03416666666666
2018-02-10 06:00:00,129.78333333333333,16.76666666666667,3.7100000000000004,150.0666666666667,67.32666666666667,6.4366666666666665,369.2833333333333,1.0,113.0,7.358333333333333,3.6616666666666666,137.0666666666667,74.32833333333333,6.443333333333334,228.5,1.0,52816.666666666664,22.633750000000003
2018-02-10 12:00:00,129.3166666666667,16.653333333333336,3.8333333333333335,148.91666666666666,60.91166666666666,6.43,372.7833333333333,1.0,111.95,7.43,3.688333333333334,133.88333333333335,56.91833333333333,6.43,231.03333333333333,1.0,46683.333333333336,21.649166666666662
2018-02-10 18:00:00,129.04999999999998,16.501666666666665,4.096666666666667,149.8,55.196666666666665,6.446666666666666,371.3666666666666,1.0,111.71666666666665,7.423333333333335,3.8850000000000002,132.9333333333333,45.965,6.446666666666666,232.71666666666667,1.0,45745.833333333336,21.682499999999994
2018-02-11 00:00:00,127.88333333333334,16.263333333333332,4.300000000000001,153.63333333333333,50.15166666666667,6.468333333333333,372.5333333333333,1.0,112.56666666666666,7.3999999999999995,4.103333333333334,133.78333333333333,47.120000000000005,6.441666666666666,237.5666666666667,1.0,43600.0,21.29875
2018-02-11 06:00:00,126.74999999999999,16.035,4.5,157.76666666666668,48.11166666666667,6.466666666666666,374.68333333333334,1.0,111.16666666666664,7.1549999999999985,4.276666666666666,136.53333333333333,56.25999999999999,6.445,242.36666666666667,1.0,45341.666666666664,21.53583333333334
2018-02-11 12:00:00,125.8,15.851666666666667,4.655,153.36666666666667,141.43,6.483333333333333,371.3,1.0,109.41666666666667,6.946666666666666,4.4750000000000005,138.01666666666665,48.77166666666667,6.446666666666666,246.26666666666665,1.0,60091.666666666664,23.495416666666667
2018-02-11 18:00:00,123.31666666666668,15.243333333333334,5.406666666666666,153.65,243.01666666666668,6.640000000000001,341.3166666666667,1.0,110.01666666666665,7.058333333333333,4.738333333333333,135.23333333333335,45.714999999999996,6.46,246.71666666666667,1.0,84020.83333333333,26.8325
2018-02-12 00:00:00,122.46666666666668,14.918333333333331,5.98,139.15,349.0833333333333,6.581666666666667,267.03333333333336,1.0,107.78333333333335,6.823333333333333,5.395,134.86666666666667,56.15,6.4750000000000005,241.66666666666663,1.0,104425.0,30.276250000000005
2018-02-12 06:00:00,122.89999999999999,14.913333333333332,6.128333333333333,124.64999999999999,314.73333333333335,6.501666666666668,287.5,1.0,106.23333333333333,7.348333333333334,5.868333333333333,118.09999999999998,0.0,6.361666666666667,261.0333333333333,1.0,110208.33333333333,31.592500000000005
2018-02-12 12:00:00,124.08333333333333,15.02833333333333,6.196666666666668,121.98333333333333,267.6333333333333,6.5,309.3833333333333,1.0,106.68333333333334,7.696666666666668,6.0200000000000005,110.11666666666667,38.449999999999996,6.333333333333333,271.48333333333335,1.0,110791.66666666667,31.93166666666667
2018-02-12 18:00:00,125.58333333333333,15.24333333333333,6.126666666666668,118.85000000000001,263.73333333333335,6.488333333333333,329.5,1.0,107.58333333333333,7.865000000000001,6.151666666666667,107.26666666666665,0.0,6.373333333333332,275.71666666666664,1.0,112458.33333333333,31.85416666666667
2018-02-13 00:00:00,126.30000000000001,15.365,6.031666666666666,120.14999999999999,244.95000000000005,6.571666666666666,333.4833333333333,1.0,108.31666666666666,8.008333333333331,6.041666666666667,105.63333333333333,0.0,6.378333333333334,284.0333333333333,1.0,109666.66666666667,31.522083333333338
2018-02-13 06:00:00,126.83333333333333,15.456666666666665,5.963333333333334,121.38333333333334,279.4666666666667,6.501666666666666,349.8833333333334,1.0,109.61666666666666,8.096666666666666,5.956666666666667,106.23333333333333,31.933333333333334,6.390000000000001,287.45000000000005,1.0,106250.0,30.853749999999994
2018-02-13 12:00:00,127.10000000000001,15.480000000000002,5.986666666666667,122.63333333333334,186.73333333333332,6.5,361.0833333333333,1.0,110.21666666666668,8.161666666666667,5.94,105.75,28.883333333333336,6.395,289.3833333333334,1.0,99166.66666666667,30.026250000000005
2018-02-13 18:00:00,127.63333333333333,15.486666666666666,6.133333333333333,123.60000000000001,163.41666666666669,6.515000000000001,363.9833333333333,1.0,110.8,8.176666666666666,6.074999999999999,105.86666666666667,145.4,6.415,288.65000000000003,1.0,90409.09090909091,29.00636363636363
2018-02-14 00:00:00,127.51666666666667,15.445,6.205000000000001,124.06666666666666,130.4333333333333,6.535,371.7833333333333,1.0,111.21666666666668,8.148333333333332,6.128333333333333,106.91666666666667,116.14999999999999,6.426666666666666,292.68333333333334,1.0,84220.83333333333,27.995833333333337
2018-02-14 06:00:00,126.83333333333333,15.36,6.208333333333333,124.63333333333334,104.315,6.535,376.9166666666667,1.0,110.58333333333333,8.028333333333332,6.163333333333333,108.41666666666667,78.13166666666666,6.441666666666667,294.53333333333336,1.0,77370.83333333333,26.97416666666666
2018-02-14 12:00:00,126.8,15.358333333333333,6.198333333333334,125.58333333333333,90.52333333333333,6.528333333333333,380.98333333333335,1.0,110.73333333333333,7.983333333333334,6.211666666666667,109.53333333333332,80.28833333333334,6.461666666666666,294.25,1.0,70795.83333333333,25.95833333333334
2018-02-14 18:00:00,126.3,15.273333333333333,6.271666666666667,128.46666666666667,77.05166666666666,6.573333333333333,382.79999999999995,1.0,110.88333333333333,7.941666666666667,6.27,110.41666666666664,67.33833333333334,6.478333333333334,293.21666666666664,1.0,65387.5,24.97333333333334
2018-02-15 00:00:00,125.96666666666665,15.223333333333334,6.288333333333334,131.61666666666667,61.83833333333333,6.5566666666666675,384.40000000000003,1.0,110.53333333333335,7.836666666666667,6.285,112.06666666666666,68.94,6.478333333333334,295.1333333333334,1.0,60054.166666666664,23.952083333333338
2018-02-15 06:00:00,124.98333333333333,15.033333333333337,6.463333333333332,133.78333333333333,57.01333333333333,6.578333333333333,385.4166666666667,1.0,109.93333333333334,7.718333333333334,6.291666666666667,113.76666666666667,39.815,6.48,297.3333333333333,1.0,53820.833333333336,22.924166666666668
2018-02-15 12:00:00,124.13333333333333,14.86,6.661666666666665,139.06666666666666,53.14666666666667,6.623333333333334,382.1333333333334,1.0,109.26666666666667,7.576666666666667,6.476666666666667,115.28333333333335,50.23666666666666,6.498333333333334,297.45,1.0,48170.833333333336,21.885
2018-02-15 18:00:00,124.41666666666667,14.755,7.041666666666667,141.5,52.92666666666668,6.6450000000000005,379.51666666666665,1.0,108.88333333333333,7.285000000000001,6.851666666666667,120.0,48.225,6.583333333333333,297.06666666666666,1.0,45929.166666666664,21.746250000000007
2018-02-16 00:00:00,123.93333333333334,14.621666666666664,7.244999999999998,140.13333333333333,44.69833333333333,6.605,380.88333333333327,1.0,108.10000000000001,7.098333333333334,6.968333333333334,122.66666666666667,311.7366666666667,6.543333333333333,301.23333333333335,1.0,46000.0,21.652916666666666
2018-02-16 06:00:00,123.0,14.423333333333332,7.503333333333334,140.31666666666663,40.714999999999996,6.626666666666666,383.43333333333334,1.0,108.66666666666667,7.148333333333333,7.201666666666667,121.55,68.38166666666667,6.54,303.3,1.0,48095.833333333336,22.007499999999997
2018-02-16 12:00:00,121.08333333333333,14.115,7.735,144.58333333333334,53.803333333333335,6.6549999999999985,387.1333333333334,1.0,108.63333333333333,6.968333333333334,7.5,124.68333333333334,193.26500000000001,6.579999999999999,300.4166666666667,1.0,48629.166666666664,22.336250000000003
2018-02-16 18:00:00,119.88333333333333,13.876666666666667,8.021666666666667,150.01666666666665,197.26666666666665,6.666666666666667,385.23333333333335,1.0,108.23333333333333,6.778333333333333,7.678333333333332,128.15,70.06666666666666,6.614999999999999,297.43333333333334,1.0,62225.0,24.451666666666664
2018-02-17 00:00:00,118.91666666666667,13.77833333333333,7.98,149.51666666666668,177.73333333333332,6.655,391.0,1.0,107.85000000000001,6.711666666666667,7.738333333333332,128.98333333333332,118.21666666666668,6.573333333333333,298.0166666666667,1.0,73170.83333333333,26.488749999999996
2018-02-17 06:00:00,120.13333333333333,13.955,7.876666666666668,149.66666666666666,106.56666666666668,6.601666666666667,399.25,1.0,107.26666666666667,6.641666666666667,7.753333333333333,129.8166666666667,108.47833333333331,6.588333333333334,299.1666666666667,1.0,73533.33333333333,27.117916666666662
2018-02-17 12:00:00,121.51666666666667,14.178333333333335,7.6883333333333335,150.68333333333337,97.50166666666667,6.5683333333333325,405.45,1.0,107.84999999999998,6.636666666666668,7.754999999999999,130.73333333333332,170.57000000000002,6.586666666666666,306.0166666666667,1.0,69079.16666666667,26.60291666666667
2018-02-17 18:00:00,121.71666666666665,14.176666666666668,7.7749999999999995,155.78333333333333,65.07333333333334,6.611666666666667,405.51666666666665,1.0,108.56666666666666,6.625,7.691666666666666,132.35,110.03833333333331,6.565,312.3,1.0,62375.0,25.400000000000006
2018-02-18 00:00:00,120.23333333333333,13.958333333333334,7.903333333333333,162.79999999999998,64.155,6.631666666666667,405.2,1.0,108.78333333333335,6.491666666666667,7.671666666666667,136.13333333333335,55.156666666666666,6.57,315.2833333333333,1.0,58370.833333333336,24.396666666666672
2018-02-18 06:00:00,119.8,13.906666666666666,7.905,162.33333333333331,67.92999999999999,6.651666666666666,405.98333333333335,1.0,108.83333333333333,6.278333333333333,7.81,141.2,44.166666666666664,6.585000000000001,316.48333333333335,1.0,58437.5,24.18375
2018-02-18 12:00:00,120.93333333333334,14.094999999999999,7.739999999999999,162.25,51.68166666666667,6.673333333333333,407.56666666666666,1.0,108.48333333333333,6.196666666666666,7.859999999999999,142.68333333333334,42.84166666666667,6.62,316.93333333333334,1.0,57808.333333333336,24.267500000000002
2018-02-18 18:00:00,122.78333333333335,14.243333333333332,7.930000000000001,159.16666666666666,41.61,6.704999999999999,410.55,1.0,109.06666666666666,6.248333333333334,7.930000000000001,141.91666666666666,40.49333333333333,6.721666666666667,313.59999999999997,1.0,54591.666666666664,23.855833333333337
2018-02-19 00:00:00,123.56666666666666,14.336666666666668,7.933333333333333,161.13333333333333,35.333333333333336,6.706666666666667,410.2833333333333,1.0,109.48333333333335,6.326666666666665,7.858333333333333,140.81666666666666,31.541666666666668,6.646666666666667,314.8666666666667,1.0,50875.0,23.022916666666664
2018-02-19 06:00:00,122.46666666666665,14.244999999999997,7.824999999999999,166.35,35.58833333333333,6.698333333333334,411.84999999999997,1.0,109.35000000000001,6.32,7.831666666666666,140.78333333333333,26.383333333333336,6.636666666666667,318.6,1.0,40012.5,21.341250000000002
2018-02-19 12:00:00,121.96666666666668,14.185,7.829999999999999,170.58333333333334,41.656666666666666,6.703333333333334,415.15000000000003,1.0,110.13333333333334,6.255,7.923333333333333,143.28333333333333,28.496666666666666,6.686666666666667,320.2666666666667,1.0,32929.166666666664,20.46791666666667
2018-02-19 18:00:00,122.21666666666665,14.085,8.198333333333334,173.51666666666668,80.65666666666668,6.703333333333333,420.5333333333333,1.0,111.95,6.156666666666666,8.248333333333335,147.35,32.315000000000005,6.703333333333333,321.23333333333335,1.0,32154.166666666668,20.454583333333332
2018-02-20 00:00:00,121.61666666666667,13.923333333333334,8.48,176.5,42.776666666666664,6.723333333333334,419.93333333333334,1.0,110.23333333333333,6.036666666666668,8.216666666666667,148.15,46.82,6.651666666666667,324.7,1.0,28283.333333333332,19.849999999999998
2018-02-20 06:00:00,120.55,13.781666666666666,8.533333333333333,181.1833333333333,31.521666666666665,6.726666666666667,419.9166666666667,1.0,107.63333333333334,5.738333333333333,8.198333333333332,152.4333333333333,42.053333333333335,6.635000000000001,325.9,1.0,25854.166666666668,19.577916666666667
2018-02-20 12:00:00,119.98333333333333,13.681666666666667,8.626666666666667,183.6,29.888333333333332,6.756666666666667,419.45,1.0,107.36666666666667,5.783333333333334,8.41,150.01666666666668,28.331666666666667,6.73,326.78333333333336,1.0,28983.333333333332,19.88166666666667
2018-02-20 18:00:00,121.58333333333333,13.736666666666665,9.020000000000001,166.1,33.160000000000004,6.785,418.84999999999997,1.0,107.68333333333332,5.669999999999999,8.913333333333334,152.04999999999998,29.53333333333333,6.805,326.8,1.0,42529.166666666664,21.22583333333333
2018-02-21 00:00:00,124.08333333333336,13.97166666666667,9.168333333333335,147.66666666666666,37.465,6.813333333333333,415.76666666666665,1.0,107.55000000000001,5.9750000000000005,8.968333333333334,143.41666666666666,28.808333333333334,6.698333333333334,332.93333333333334,1.0,51162.5,22.24208333333333
2018-02-21 06:00:00,124.55000000000001,14.128333333333332,8.865,135.35,47.696666666666665,6.828333333333334,410.11666666666673,1.0,109.75,6.745,9.07,126.30000000000001,31.709999999999997,6.708333333333333,331.7333333333333,1.0,61254.166666666664,23.818750000000005
2018-02-21 12:00:00,125.61666666666667,14.323333333333332,8.65,139.78333333333333,50.43666666666667,6.805,410.01666666666665,1.0,109.76666666666667,7.095,8.861666666666666,118.28333333333335,36.55166666666667,6.7749999999999995,322.6166666666667,1.0,61683.333333333336,24.053750000000008
2018-02-21 18:00:00,126.18333333333334,14.248333333333335,9.043333333333335,142.16666666666666,45.048333333333325,6.853333333333334,410.93333333333334,1.0,110.03333333333332,6.976666666666667,8.88,121.53333333333335,38.29333333333333,6.778333333333333,317.6333333333334,1.0,60745.833333333336,23.9175
2018-02-22 00:00:00,126.08333333333331,14.173333333333332,9.225000000000001,146.91666666666669,33.714999999999996,6.8999999999999995,410.2166666666667,1.0,109.96666666666668,6.871666666666666,9.006666666666668,123.60000000000002,33.40666666666667,6.753333333333333,319.15000000000003,1.0,55854.166666666664,23.284166666666664
2018-02-22 06:00:00,125.3,14.086666666666668,9.23,151.46666666666667,26.985,6.901666666666666,414.0833333333333,1.0,110.51666666666667,6.748333333333332,9.121666666666666,127.2,25.584999999999997,6.781666666666666,317.7166666666667,1.0,50475.0,22.325
2018-02-22 12:00:00,123.86666666666667,13.94,9.19,150.81666666666666,23.90833333333333,6.888333333333333,416.5,1.0,110.56666666666666,6.696666666666666,9.135000000000002,128.51666666666668,117.80166666666668,6.803333333333334,313.40000000000003,1.0,48062.5,22.028333333333332
2018-02-22 18:00:00,123.81666666666666,13.903333333333334,9.28,150.48333333333335,224.30833333333337,6.89,418.98333333333335,1.0,109.41666666666669,6.613333333333333,9.158333333333333,128.83333333333334,19.503333333333334,6.813333333333333,310.88333333333327,1.0,45225.0,21.467916666666667
2018-02-23 00:00:00,124.26666666666667,13.911666666666667,9.418333333333333,149.25,21.223333333333333,6.878333333333333,420.8333333333333,1.0,109.10000000000001,6.613333333333334,9.206666666666665,128.1,18.703333333333333,6.79,317.05,1.0,43925.0,21.453333333333337
2018-02-23 06:00:00,123.8,13.805,9.576666666666668,148.96666666666667,19.768333333333334,6.878333333333334,422.09999999999997,1.0,109.53333333333335,6.623333333333334,9.295,128.23333333333332,13.149999999999999,6.780000000000001,320.25,1.0,40770.833333333336,21.13291666666667
2018-02-23 12:00:00,123.16666666666664,13.715000000000002,9.625,147.2,20.834999999999997,6.891666666666667,421.96666666666664,1.0,109.53333333333335,6.651666666666667,9.541666666666666,126.64999999999999,16.166666666666668,6.841666666666666,317.3333333333333,1.0,40604.166666666664,20.96625
2018-02-23 18:00:00,123.46666666666668,13.638333333333334,9.963333333333333,147.26666666666665,21.635,6.911666666666666,421.96666666666664,1.0,109.16,6.578,9.920000000000002,126.64000000000001,18.857999999999997,6.901999999999999,310.8,1.0,39433.333333333336,20.83666666666667
2018-02-24 00:00:00,123.7,13.61,10.151666666666666,149.23333333333335,19.745,6.906666666666666,422.98333333333335,1.0,108.66666666666667,6.553333333333335,9.916666666666666,126.51666666666665,17.923333333333332,6.801666666666666,313.01666666666665,1.0,35691.666666666664,20.522916666666664
2018-02-24 06:00:00,122.94999999999999,13.486666666666666,10.26,153.33333333333331,19.468333333333334,6.908333333333334,422.84999999999997,1.0,108.46666666666668,6.5133333333333345,9.99,127.01666666666667,16.008333333333333,6.798333333333333,317.7833333333333,1.0,32533.333333333332,20.12666666666666
2018-02-24 12:00:00,122.11666666666667,13.328333333333333,10.481666666666667,155.08333333333334,18.08,6.935000000000001,421.3666666666666,1.0,108.61666666666666,6.4750000000000005,10.111666666666666,127.81666666666666,14.858333333333333,6.803333333333334,318.29999999999995,1.0,31141.666666666668,20.12333333333333
2018-02-24 18:00:00,121.34999999999998,13.123333333333333,10.878333333333332,158.75,18.61,6.993333333333333,417.3500000000001,1.0,107.83333333333333,6.235,10.436666666666667,131.86666666666667,15.89,6.851666666666666,313.96666666666664,1.0,33050.0,20.3525
2018-02-25 00:00:00,120.41666666666667,12.985000000000001,11.0,163.18333333333337,19.22833333333333,6.996666666666667,417.53333333333336,1.0,107.3,6.063333333333333,10.72166666666667,134.83333333333334,12.093333333333334,6.8516666666666675,320.75,1.0,36295.833333333336,20.760416666666664
2018-02-25 06:00:00,119.2,12.856666666666667,10.973333333333336,169.73333333333332,20.1,6.966666666666668,419.68333333333334,1.0,106.41666666666667,5.873333333333334,10.911666666666667,138.04999999999998,7.448333333333333,6.863333333333333,322.31666666666666,1.0,37920.833333333336,20.788333333333334
2018-02-25 12:00:00,118.14999999999998,12.735,11.016666666666666,170.65,23.475000000000005,6.955000000000001,420.43333333333334,1.0,105.71666666666668,5.831666666666667,10.963333333333333,137.98333333333335,5.906666666666666,6.855,323.5833333333333,1.0,39341.666666666664,21.103749999999998
2018-02-25 18:00:00,117.45,12.616666666666667,11.168333333333331,169.04999999999998,25.44333333333333,6.958333333333333,420.23333333333335,1.0,105.41666666666667,5.726666666666667,10.99,140.38333333333333,6.638333333333333,6.849999999999999,326.2166666666667,1.0,44170.833333333336,21.553749999999997
2018-02-26 00:00:00,117.05,12.516666666666666,11.363333333333332,167.43333333333334,21.900000000000002,6.983333333333333,420.6666666666667,1.0,104.61666666666666,5.708333333333333,10.963333333333333,139.70000000000002,11.385,6.814999999999999,329.55,1.0,44862.5,21.890833333333333
2018-02-26 06:00:00,116.66666666666667,12.423333333333334,11.536666666666667,171.3166666666667,18.096666666666668,7.031666666666667,415.8,1.0,103.81666666666668,5.635000000000001,10.955,140.58333333333331,13.06,6.803333333333334,330.8,1.0,42808.333333333336,21.589583333333334
2018-02-26 12:00:00,116.95,12.47,11.483333333333334,173.83333333333334,18.715,7.043333333333333,416.1500000000001,1.0,103.46666666666665,5.396666666666667,11.215000000000002,146.29999999999998,12.971666666666666,6.868333333333333,327.75,1.0,42462.5,21.522500000000004
2018-02-26 18:00:00,117.66666666666667,12.488333333333335,11.671666666666667,175.95000000000002,19.665000000000003,7.079999999999999,414.01666666666665,1.0,103.69999999999999,5.218333333333333,11.635,150.6833333333333,11.916666666666666,6.991666666666667,322.01666666666665,1.0,38162.5,21.048333333333336
2018-02-27 00:00:00,118.09999999999998,12.501666666666667,11.801666666666668,180.23333333333335,16.761666666666667,7.131666666666667,409.7333333333333,1.0,103.73333333333333,5.1049999999999995,11.588333333333333,154.35,9.626666666666667,6.935000000000001,322.43333333333334,1.0,38262.5,20.840416666666666
2018-02-27 06:00:00,119.10000000000001,12.716666666666667,11.418333333333335,172.66666666666666,17.296666666666667,7.080000000000001,414.0,1.0,103.8,5.006666666666667,11.523333333333333,157.70000000000002,7.176666666666667,6.955000000000001,321.8833333333334,1.0,38700.0,20.868750000000002
2018-02-27 12:00:00,120.5,12.993333333333332,10.993333333333334,165.41666666666666,16.509999999999998,7.076666666666668,415.6666666666667,1.0,104.51666666666665,5.038333333333333,11.505,157.85,12.248333333333333,7.04,320.1333333333334,1.0,37512.5,20.847916666666663
2018-02-27 18:00:00,122.55000000000001,13.274999999999999,10.806666666666667,156.20000000000002,18.398333333333333,7.024999999999999,417.65000000000003,1.0,106.78333333333332,5.43,11.606666666666667,149.16666666666666,14.61,7.081666666666666,318.4166666666667,1.0,40325.0,21.082500000000003
2018-02-28 00:00:00,123.55,13.436666666666666,10.633333333333333,154.9,18.076666666666668,7.001666666666666,418.56666666666666,1.0,107.53333333333335,5.82,11.043333333333335,140.8,4.5616666666666665,6.945,325.75,1.0,38095.833333333336,20.91958333333334
2018-02-28 06:00:00,123.21666666666668,13.448333333333332,10.481666666666667,157.95000000000002,18.541666666666668,7.016666666666667,417.56666666666666,1.0,108.23333333333335,6.131666666666667,10.61,134.66666666666666,7.215,6.888333333333333,330.3,1.0,37787.5,20.7275
2018-02-28 12:00:00,122.61666666666667,13.39,10.451666666666666,157.11666666666667,17.64166666666667,7.035,415.6166666666666,1.0,108.14999999999999,6.086666666666666,10.486666666666666,136.2,11.361666666666666,6.905,328.7,1.0,34304.166666666664,20.359999999999996
2018-02-28 18:00:00,122.10000000000001,13.321666666666665,10.485000000000001,157.31666666666663,17.584999999999997,7.044999999999999,414.00000000000006,1.0,108.33333333333333,6.0183333333333335,10.655,137.69999999999996,13.028333333333334,6.95,323.4833333333334,1.0,33354.166666666664,20.282083333333336
2018-03-01 00:00:00,121.73333333333335,13.298333333333332,10.44,158.78333333333333,17.05,7.031666666666666,412.65000000000003,1.0,107.59999999999998,5.96,10.611666666666666,138.38333333333335,10.813333333333333,6.933333333333334,322.75,1.0,29495.833333333332,19.939583333333335
2018-03-01 06:00:00,121.08333333333336,13.273333333333333,10.288333333333334,160.06666666666663,16.688333333333333,6.998333333333334,415.59999999999997,1.0,106.81666666666666,5.926666666666667,10.505,138.46666666666667,8.355,6.909999999999999,325.21666666666664,1.0,28370.833333333332,19.67
2018-03-01 12:00:00,120.35000000000002,13.205000000000004,10.255,158.38333333333335,16.541666666666668,6.981666666666668,417.8166666666666,1.0,106.64999999999999,5.920000000000001,10.44,138.51666666666668,11.526666666666666,6.915,324.8833333333333,1.0,26925.0,19.795
2018-03-01 18:00:00,119.56666666666668,13.068333333333335,10.41,161.56666666666666,16.443333333333335,7.006666666666665,416.8666666666666,1.0,106.0,5.861666666666667,10.428333333333333,139.23333333333332,12.568333333333333,6.911666666666666,321.86666666666673,1.0,25079.166666666668,19.633333333333333
2018-03-02 00:00:00,117.55,12.816666666666668,10.518333333333333,168.08333333333334,19.281666666666666,7.046666666666666,410.48333333333335,1.0,104.81666666666666,5.801666666666667,10.346666666666666,139.4,11.685,6.89,315.90000000000003,1.0,25216.666666666668,19.580416666666668
2018-03-02 06:00:00,115.88333333333334,12.703333333333333,10.286666666666665,171.39999999999998,17.94,7.041666666666667,409.81666666666666,1.0,103.43333333333334,5.715000000000001,10.116666666666667,140.36666666666667,9.6,6.883333333333334,318.3333333333333,1.0,25112.5,19.438333333333333
2018-03-02 12:00:00,115.26666666666667,12.761666666666665,9.868333333333334,171.64999999999998,18.37666666666667,7.026666666666666,409.8333333333333,1.0,102.31666666666666,5.493333333333333,10.025,145.35,10.218333333333334,6.914999999999999,319.0833333333333,1.0,24516.666666666668,19.564583333333335
2018-03-02 18:00:00,115.98333333333333,12.89,9.700000000000001,169.78333333333333,18.113333333333333,7.039999999999999,407.8,1.0,101.85000000000001,5.318333333333333,10.118333333333334,149.51666666666665,12.686666666666667,7.006666666666667,313.3,1.0,25400.0,19.634583333333328
2018-03-03 00:00:00,115.83333333333333,12.973333333333331,9.385,171.96666666666667,17.535,7.013333333333333,410.05,1.0,101.41666666666667,5.260000000000001,9.793333333333335,151.63333333333333,2.1716666666666664,6.928333333333334,315.7,1.0,25912.5,19.639166666666664
2018-03-03 06:00:00,116.66666666666667,13.174999999999999,9.036666666666667,174.70000000000002,14.9,6.993333333333335,411.6833333333334,1.0,101.26666666666667,5.325,9.299999999999999,151.01666666666668,7.9366666666666665,6.883333333333333,320.2166666666667,1.0,25204.166666666668,19.418333333333333
2018-03-03 12:00:00,117.81666666666665,13.395000000000001,8.763333333333334,173.26666666666665,13.968333333333334,7.0183333333333335,413.18333333333334,1.0,101.76666666666667,5.323333333333333,9.115,152.45000000000002,1.7616666666666667,6.9750000000000005,319.45,1.0,25279.166666666668,19.57208333333333
2018-03-03 18:00:00,119.55000000000001,13.548333333333334,8.891666666666667,170.76666666666665,14.053333333333333,7.005,410.98333333333335,1.0,103.68333333333334,5.3500000000000005,9.318333333333333,153.9,9.566666666666666,7.066666666666666,314.26666666666665,1.0,24870.833333333332,19.49
2018-03-04 00:00:00,119.95,13.691666666666668,8.586666666666666,171.95000000000002,12.468333333333334,6.961666666666666,413.45,1.0,104.19999999999999,5.411666666666668,9.036666666666667,153.78333333333333,5.196666666666666,6.925,319.3833333333334,1.0,24120.833333333332,19.429583333333337
2018-03-04 06:00:00,120.39999999999998,13.891666666666667,8.158333333333333,173.71666666666667,11.693333333333333,6.921666666666666,415.79999999999995,1.0,104.35000000000001,5.538333333333334,8.581666666666669,151.85,0.0,6.879999999999999,323.61666666666673,1.0,23708.333333333332,19.550416666666667
2018-03-04 12:00:00,121.01666666666667,14.055,7.875,173.48333333333335,12.218333333333334,6.963333333333334,414.71666666666664,1.0,105.3,5.683333333333334,8.346666666666666,150.03333333333333,7.271666666666666,6.94,324.56666666666666,1.0,23704.166666666668,19.427916666666665
2018-03-04 18:00:00,121.98333333333333,14.1,8.076666666666666,173.63333333333333,12.175000000000002,6.97,410.59999999999997,1.0,107.0,5.716666666666666,8.546666666666665,150.96666666666667,6.055000000000001,7.011666666666667,319.40000000000003,1.0,23491.666666666668,19.276249999999997
2018-03-05 00:00:00,122.01666666666667,14.17,7.886666666666667,173.28333333333333,12.726666666666667,6.926666666666667,413.8333333333334,1.0,106.93333333333334,5.721666666666667,8.270000000000001,151.58333333333334,6.19,6.876666666666666,319.8833333333334,1.0,23370.833333333332,19.447500000000005
2018-03-05 06:00:00,121.51666666666667,14.196666666666667,7.6433333333333335,175.15,11.661666666666667,6.898333333333333,415.61666666666673,1.0,106.38333333333333,5.755,7.841666666666666,151.31666666666666,7.826666666666665,6.843333333333334,323.18333333333334,1.0,22316.666666666668,19.434166666666666
2018-03-05 12:00:00,121.61666666666667,14.253333333333332,7.515000000000001,174.61666666666665,11.836666666666664,6.941666666666666,415.2833333333333,1.0,106.60000000000001,5.78,7.675,151.53333333333333,6.923333333333333,6.881666666666668,322.8666666666666,1.0,20729.166666666668,19.126250000000002
2018-03-05 18:00:00,122.35000000000001,14.238333333333335,7.795000000000001,175.46666666666667,11.658333333333333,6.968333333333333,410.8,1.0,107.66666666666667,5.7683333333333335,7.984999999999999,152.3,5.563333333333333,6.971666666666668,316.2666666666667,1.0,21158.333333333332,19.15208333333334
2018-03-06 00:00:00,121.21666666666668,14.138333333333334,7.713333333333332,177.76666666666665,11.321666666666665,6.936666666666667,412.05,1.0,107.36666666666667,5.7,7.875,154.1,3.7616666666666667,6.858333333333333,317.2,1.0,20987.5,19.0825
2018-03-06 06:00:00,120.73333333333333,14.133333333333333,7.566666666666666,179.61666666666665,11.221666666666666,6.906666666666666,415.73333333333335,1.0,106.60000000000001,5.676666666666667,7.6883333333333335,154.3,7.4433333333333325,6.838333333333334,318.0333333333333,1.0,18154.166666666668,18.907500000000002
2018-03-06 12:00:00,120.26666666666667,14.126666666666665,7.426666666666667,184.0,11.53,6.896666666666666,415.76666666666665,1.0,106.24999999999999,5.656666666666666,7.646666666666666,154.36666666666667,6.315,6.829999999999999,317.2833333333333,1.0,18225.0,18.969583333333333
2018-03-06 18:00:00,120.89999999999999,14.174999999999999,7.498333333333332,187.98333333333335,11.32,6.941666666666666,410.84999999999997,1.0,106.73333333333333,5.623333333333334,7.8500000000000005,155.35,7.596666666666667,6.913333333333333,312.5833333333333,1.0,19416.666666666668,18.929166666666667
2018-03-07 00:00:00,120.18333333333334,14.111666666666666,7.4316666666666675,190.56666666666663,10.440000000000001,6.933333333333334,415.7833333333333,1.0,106.06666666666666,5.546666666666667,7.723333333333334,156.98333333333332,8.021666666666668,6.826666666666667,314.4166666666667,1.0,17245.833333333332,19.020833333333332
2018-03-07 06:00:00,119.00000000000001,14.033333333333333,7.261666666666668,188.98333333333335,10.485,6.906666666666666,415.3,1.0,105.88333333333333,5.4816666666666665,7.491666666666667,159.21666666666667,7.7250000000000005,6.81,314.7666666666667,1.0,18095.833333333332,19.037916666666664
2018-03-07 12:00:00,117.91666666666667,13.916666666666666,7.2299999999999995,187.25,10.226666666666667,6.906666666666667,414.0,1.0,105.08333333333333,5.423333333333333,7.331666666666666,160.30000000000004,7.7683333333333335,6.828333333333334,310.8833333333333,1.0,18825.0,19.12708333333333
2018-03-07 18:00:00,117.61666666666667,13.873333333333333,7.253333333333334,186.0,10.045,6.918333333333333,415.59999999999997,1.0,104.66666666666667,5.328333333333333,7.266666666666667,162.54999999999998,8.6,6.849999999999999,307.24999999999994,1.0,16008.333333333334,18.614166666666662
2018-03-08 00:00:00,117.53333333333335,13.929999999999998,7.0633333333333335,187.31666666666663,9.561666666666666,6.918333333333333,410.9166666666667,1.0,103.96666666666665,5.249999999999999,7.1816666666666675,163.93333333333334,7.695,6.805,306.54999999999995,1.0,17441.666666666668,18.944166666666664
2018-03-08 06:00:00,116.66666666666667,13.911666666666667,6.82,188.20000000000002,9.128333333333334,6.875,417.09999999999997,1.0,103.03333333333332,5.163333333333333,7.044999999999999,165.61666666666667,7.126666666666666,6.785,309.8833333333333,1.0,15350.0,18.686666666666667
2018-03-08 12:00:00,116.53333333333335,13.933333333333332,6.714999999999999,188.21666666666667,9.251666666666667,6.881666666666667,413.98333333333335,1.0,102.98333333333333,5.193333333333333,6.919999999999999,165.06666666666666,6.531666666666666,6.821666666666666,307.9166666666667,1.0,17104.166666666668,18.805416666666662
2018-03-08 18:00:00,116.81666666666668,13.915,6.86,186.3166666666667,9.131666666666668,6.903333333333333,415.26666666666665,1.0,102.93333333333332,5.155,6.900000000000001,166.15,7.791666666666667,6.873333333333332,299.65,1.0,14233.333333333334,18.787916666666664
2018-03-09 00:00:00,116.83333333333333,13.979999999999999,6.683333333333333,186.75,9.381666666666666,6.916666666666667,407.55,1.0,102.86666666666666,5.173333333333334,6.6816666666666675,166.26666666666665,8.431666666666667,6.796666666666667,298.96666666666664,1.0,16979.166666666668,18.93208333333333
2018-03-09 06:00:00,116.89999999999999,14.066666666666665,6.446666666666666,185.41666666666666,8.555,6.883333333333333,413.86666666666673,1.0,101.81666666666666,5.073333333333333,6.476666666666667,168.31666666666666,6.828333333333333,6.753333333333334,307.15000000000003,1.0,11933.333333333334,18.495833333333334
2018-03-09 12:00:00,115.84999999999998,14.020000000000001,6.223333333333333,186.36666666666667,8.865,6.858333333333333,416.26666666666665,1.0,101.76666666666667,5.123333333333334,6.398333333333333,167.04999999999998,6.280000000000001,6.793333333333334,307.26666666666665,1.0,14425.0,18.893333333333334
2018-03-09 18:00:00,117.05000000000001,14.15,6.283333333333334,188.21666666666667,8.503333333333332,6.864999999999999,415.70000000000005,1.0,102.71666666666665,5.0616666666666665,6.6816666666666675,169.25,5.7683333333333335,6.908333333333334,297.59999999999997,1.0,14095.833333333334,18.793333333333337
2018-03-10 00:00:00,116.38333333333333,14.071666666666667,6.258333333333333,189.16666666666666,8.118333333333332,6.851666666666667,418.55,1.0,103.41666666666667,5.095,6.698333333333333,169.23333333333332,5.373333333333334,6.814999999999999,298.7833333333333,1.0,13187.5,18.487916666666667
2018-03-10 06:00:00,116.3,14.063333333333334,6.260000000000001,190.33333333333334,7.766666666666667,6.868333333333333,417.56666666666666,1.0,102.46666666666665,5.016666666666667,6.488333333333334,170.8166666666667,4.953333333333333,6.771666666666667,305.15000000000003,1.0,11858.333333333334,18.4725
2018-03-10 12:00:00,116.38333333333333,14.086666666666666,6.2316666666666665,192.39999999999998,7.916666666666667,6.8566666666666665,421.3333333333334,1.0,101.95,5.001666666666666,6.261666666666666,171.31666666666663,4.8533333333333335,6.740000000000001,308.31666666666666,1.0,10433.333333333334,18.483750000000004
2018-03-10 18:00:00,116.51666666666667,14.13,6.1433333333333335,195.63333333333333,7.993333333333333,6.835,424.15000000000003,1.0,102.5,5.003333333333334,6.395,171.58333333333334,5.471666666666667,6.781666666666666,303.38333333333327,1.0,11079.166666666666,18.41916666666667
2018-03-11 00:00:00,116.28333333333335,14.159999999999998,5.988333333333334,195.33333333333334,7.9700000000000015,6.81,418.05,1.0,102.03333333333335,4.958333333333334,6.385000000000001,172.21666666666667,4.765,6.761666666666666,300.1666666666667,1.0,13187.5,18.682916666666667
2018-03-11 06:00:00,117.04285714285712,14.265714285714285,5.947142857142857,195.55714285714288,7.562857142857142,6.791428571428571,424.7142857142857,1.0,101.82857142857142,4.9399999999999995,6.274285714285713,172.84285714285716,3.837142857142857,6.7542857142857144,303.1571428571429,1.0,10112.916666666666,18.391249999999996
2018-03-11 12:00:00,118.98333333333333,14.401666666666666,6.216666666666666,191.96666666666667,7.395,6.94,417.3500000000001,1.0,102.7,4.953333333333333,6.208333333333333,173.86666666666665,4.961666666666667,6.881666666666668,303.40000000000003,1.0,10219.166666666666,18.609583333333337
2018-03-11 18:00:00,119.18333333333332,14.276666666666669,6.635000000000001,193.76666666666665,7.751666666666668,6.955000000000001,412.09999999999997,1.0,103.53333333333332,4.913333333333334,6.56,175.15,4.311666666666667,6.861666666666667,297.4166666666667,1.0,11170.416666666666,18.6
2018-03-12 00:00:00,117.61666666666667,14.191666666666665,6.358333333333333,194.95000000000002,7.513333333333333,6.845,422.73333333333335,1.0,103.23333333333335,4.86,6.553333333333334,176.36666666666667,4.218333333333333,6.746666666666667,302.55,1.0,10603.333333333334,18.387916666666673
2018-03-12 06:00:00,116.41666666666667,14.163333333333332,6.0249999999999995,198.91666666666666,7.333333333333335,6.795000000000001,428.3166666666666,1.0,103.19999999999999,4.881666666666667,6.390000000000001,176.1833333333333,3.9133333333333336,6.761666666666667,303.3833333333333,1.0,10315.416666666666,18.50208333333333
2018-03-12 12:00:00,117.39999999999999,14.326666666666668,5.8933333333333335,198.04999999999998,7.151666666666666,6.833333333333333,419.0666666666666,1.0,102.16666666666667,4.623333333333334,6.083333333333333,183.46666666666667,3.865,6.765,301.71666666666664,1.0,11304.166666666666,18.6425
2018-03-12 18:00:00,117.23333333333335,14.281666666666666,5.97,199.36666666666667,7.421666666666667,6.885000000000001,412.36666666666673,1.0,102.25,4.523333333333334,6.176666666666667,186.26666666666665,3.8316666666666666,6.853333333333333,296.84999999999997,1.0,12708.333333333334,18.630416666666665
2018-03-13 00:00:00,115.76666666666665,14.175000000000002,5.765000000000001,204.49999999999997,8.046666666666667,6.823333333333333,414.90000000000003,1.0,101.46666666666665,4.423333333333334,6.038333333333334,188.71666666666667,6.421666666666667,6.711666666666667,301.06666666666666,1.0,10895.833333333334,18.2775
2018-03-13 06:00:00,115.44999999999999,14.203333333333333,5.571666666666666,202.36666666666667,7.510000000000001,6.755,422.51666666666665,1.0,101.68333333333334,4.52,5.878333333333334,186.56666666666663,5.3933333333333335,6.691666666666666,303.0,1.0,10316.25,18.118333333333332
2018-03-13 12:00:00,117.65000000000002,14.416666666666666,5.738333333333333,200.5,6.965,6.848333333333334,418.81666666666666,1.0,102.06666666666668,4.645,5.841666666666666,183.33333333333337,4.326666666666667,6.776666666666666,300.56666666666666,1.0,9842.083333333334,18.529583333333335
2018-03-13 18:00:00,117.85000000000001,14.31,6.100000000000001,198.45000000000002,7.023333333333333,6.946666666666666,409.55,1.0,101.96666666666665,4.655,5.946666666666666,182.60000000000002,4.721666666666667,6.783333333333334,296.0333333333333,1.0,11250.0,18.60791666666667
2018-03-14 00:00:00,114.71666666666668,13.998333333333335,5.903333333333333,202.4333333333333,7.593333333333334,6.863333333333333,414.7,1.0,100.98333333333333,4.521666666666667,5.753333333333333,185.98333333333335,4.161666666666667,6.686666666666667,302.23333333333335,1.0,11458.333333333334,18.477083333333336
2018-03-14 06:00:00,113.8,14.019999999999998,5.531666666666667,206.98333333333335,7.25,6.785,419.0333333333333,1.0,101.10000000000001,4.498333333333334,5.591666666666668,187.3333333333333,4.15,6.661666666666666,306.75,1.0,12504.166666666666,18.454583333333332
2018-03-14 12:00:00,115.86666666666666,14.328333333333333,5.384999999999999,207.86666666666667,7.113333333333333,6.846666666666667,409.9666666666667,1.0,101.7,4.565,5.614999999999999,186.01666666666665,3.8799999999999994,6.739999999999998,300.5,1.0,14041.666666666666,18.750833333333336
2018-03-14 18:00:00,115.73333333333333,14.265,5.505,207.70000000000002,7.044999999999999,6.881666666666668,407.6166666666666,1.0,101.56666666666666,4.555000000000001,5.77,185.73333333333335,4.095,6.7749999999999995,295.8666666666667,1.0,12433.333333333334,18.404166666666665
2018-03-15 00:00:00,114.71666666666665,14.196666666666665,5.345,205.83333333333334,7.216666666666666,6.78,414.6333333333334,1.0,100.91666666666667,4.495,5.535,187.38333333333335,3.7916666666666674,6.675,303.31666666666666,1.0,10472.916666666666,18.379166666666666
2018-03-15 06:00:00,116.35000000000001,14.453333333333335,5.196666666666666,203.83333333333334,6.861666666666667,6.791666666666667,414.1166666666666,1.0,100.89999999999999,4.47,5.32,188.80000000000004,3.4233333333333333,6.655000000000001,305.0833333333333,1.0,12283.75,18.62041666666667
2018-03-15 12:00:00,118.06666666666668,14.583333333333334,5.425,202.73333333333332,6.235,7.0,404.5166666666667,1.0,101.30000000000001,4.515000000000001,5.428333333333334,187.5666666666667,3.1466666666666665,6.838333333333334,301.98333333333335,1.0,11814.166666666666,18.506666666666668
2018-03-15 18:00:00,117.55,14.339999999999998,5.91,204.70000000000002,6.813333333333333,6.93,404.31666666666666,1.0,102.46666666666668,4.486666666666667,6.021666666666666,188.23333333333332,4.883333333333333,6.844999999999999,295.1166666666666,1.0,10095.833333333334,18.575833333333332
2018-03-16 00:00:00,116.28333333333332,14.208333333333334,5.843333333333334,206.6666666666667,7.658333333333332,6.831666666666667,414.93333333333334,1.0,102.41666666666667,4.466666666666668,5.960000000000001,188.95000000000002,4.596666666666667,6.728333333333334,297.9,1.0,12529.166666666666,18.68041666666667
2018-03-16 06:00:00,117.60000000000001,14.44,5.653333333333333,211.71666666666667,7.793333333333333,6.8566666666666665,415.2,1.0,102.85000000000002,4.573333333333333,5.736666666666667,187.04999999999998,3.3700000000000006,6.755,296.85,1.0,14629.166666666666,18.74
2018-03-16 12:00:00,119.68333333333334,14.665,5.721666666666667,218.95000000000002,6.97,7.076666666666667,402.76666666666665,1.0,102.76666666666665,4.614999999999999,5.651666666666666,185.89999999999998,3.56,6.878333333333334,298.08333333333337,1.0,13437.5,18.719166666666663
2018-03-16 18:00:00,107.57500000000002,13.34,5.885,199.925,4.025,6.607500000000001,347.57500000000005,1.0,104.3,4.581666666666666,6.133333333333333,187.48333333333335,3.26,6.8500000000000005,297.5833333333333,1.0,13591.666666666666,18.686250000000005
2018-03-17 00:00:00,107.05000000000001,13.331666666666665,5.721666666666667,196.16666666666666,4.088333333333333,6.62,362.40000000000003,1.0,105.06666666666666,4.465,6.176666666666667,191.88333333333335,3.246666666666666,6.816666666666666,294.8666666666666,1.0,14537.5,18.803750000000004
2018-03-17 06:00:00,109.41666666666667,13.545,5.953333333333333,196.5833333333333,3.7883333333333336,6.808333333333334,351.90000000000003,1.0,104.5,4.363333333333333,5.826666666666667,195.26666666666665,3.1533333333333338,6.829999999999998,291.15,1.0,15958.333333333334,18.932083333333335
2018-03-17 12:00:00,107.16666666666667,13.284999999999998,5.908333333333334,202.21666666666667,4.250000000000001,6.75,359.1666666666667,1.0,103.53333333333335,4.163333333333333,5.548333333333333,201.1833333333333,3.5366666666666666,6.7250000000000005,302.01666666666665,1.0,14341.666666666666,18.768333333333334
2018-03-17 18:00:00,106.80000000000001,13.281666666666666,5.763333333333333,206.0666666666667,5.6866666666666665,6.596666666666667,372.6333333333334,1.0,105.25,4.29,5.771666666666667,198.71666666666667,3.315,6.761666666666667,298.91666666666663,1.0,15420.833333333334,18.857499999999998
2018-03-18 00:00:00,109.35000000000001,13.543333333333331,5.943333333333334,202.41666666666666,6.578333333333333,6.715000000000001,362.63333333333327,1.0,106.05000000000001,4.301666666666667,6.1000000000000005,198.33333333333334,4.510000000000001,6.908333333333334,281.6333333333333,1.0,18458.333333333332,18.866249999999997
2018-03-18 06:00:00,107.93333333333334,13.280000000000001,6.191666666666667,200.13333333333333,7.12,6.728333333333333,361.7833333333333,1.0,104.08333333333333,4.166666666666667,5.878333333333334,200.70000000000002,5.11,6.786666666666666,296.46666666666664,1.0,16458.333333333332,18.82708333333333
2018-03-18 12:00:00,106.81666666666666,13.158333333333333,6.155,197.1833333333333,6.829999999999999,6.603333333333333,378.45,1.0,106.34999999999998,4.248333333333333,5.9799999999999995,200.7166666666667,5.095,6.941666666666666,291.2,1.0,22791.666666666668,19.400000000000002
2018-03-18 18:00:00,109.66666666666667,13.273333333333333,6.858333333333334,189.61666666666665,6.3999999999999995,6.756666666666667,358.21666666666664,1.0,107.35000000000001,4.406666666666667,6.758333333333333,194.85,9.39,7.011666666666667,276.3333333333333,1.0,24633.333333333332,19.36125
2018-03-19 00:00:00,109.28333333333335,13.161666666666667,7.06,187.23333333333332,6.415,6.68,363.7166666666667,1.0,105.60000000000001,4.453333333333333,6.539999999999999,191.80000000000004,7.8566666666666665,6.78,300.45,1.0,25479.166666666668,19.522499999999997
2018-03-19 06:00:00,109.39999999999999,13.306666666666667,6.653333333333332,175.1833333333333,8.283333333333333,6.508333333333333,386.3333333333333,1.0,106.0,4.708333333333333,6.711666666666666,184.08333333333334,7.555,6.821666666666665,297.48333333333335,1.0,26908.333333333332,19.727916666666662
2018-03-19 12:00:00,110.48333333333333,13.365,6.871666666666667,161.70000000000002,10.07,6.603333333333333,381.56666666666666,1.0,106.78,4.95,6.784000000000001,177.82,8.948,6.8180000000000005,308.94000000000005,1.0,27266.666666666668,19.807083333333342
2018-03-19 18:00:00,110.71666666666665,13.334999999999999,7.051666666666667,154.75,9.855,6.496666666666666,382.63333333333327,1.0,105.72,12.676,7.286,0.16002,9.947999999999999,6.796000000000001,370.96000000000004,1.0,28691.666666666668,19.862083333333334
2018-03-20 00:00:00,110.44999999999999,13.231666666666667,7.268333333333334,155.45000000000002,9.229999999999999,6.4750000000000005,391.3,1.0,104.13333333333334,12.534999999999998,7.13,0.14936666666666665,13.57,6.805,388.5333333333333,1.0,32029.166666666668,20.1075
2018-03-20 06:00:00,110.41666666666667,13.160000000000002,7.476666666666667,158.18333333333334,9.035,6.508333333333333,393.25,1.0,103.7,12.5,7.0666666666666655,0.1464,10.68,6.851666666666667,414.01666666666665,1.0,30216.666666666668,19.86375
2018-03-20 12:00:00,109.5,12.993333333333334,7.66,157.99999999999997,10.798333333333334,6.510000000000001,394.8,1.0,103.88333333333333,12.446666666666665,7.316666666666666,0.14715,10.078333333333335,6.953333333333333,410.9833333333333,1.0,31479.166666666668,20.002083333333342
2018-03-20 18:00:00,109.48333333333335,12.9,7.93,158.61666666666667,12.788333333333332,6.559999999999999,388.4833333333333,1.0,103.91666666666667,12.343333333333334,7.670000000000001,0.14836666666666667,9.583333333333334,6.985,401.93333333333334,1.0,32887.5,20.11625
2018-03-21 00:00:00,108.93333333333334,12.809999999999997,8.016666666666666,160.63333333333333,9.65,6.55,390.34999999999997,1.0,102.7,12.176666666666668,7.748333333333334,0.14826666666666669,9.965,6.933333333333333,410.48333333333335,1.0,36208.333333333336,20.371250000000003
2018-03-21 06:00:00,108.78333333333335,12.798333333333334,8.003333333333334,158.91666666666666,10.785000000000002,6.533333333333334,396.3,1.0,102.23333333333333,12.083333333333334,7.878333333333333,0.15106666666666665,11.87,6.9316666666666675,413.6499999999999,1.0,39375.0,20.777083333333334
2018-03-21 12:00:00,108.86666666666667,12.770000000000001,8.123333333333333,157.16666666666666,15.118333333333334,6.531666666666666,397.6499999999999,1.0,102.31666666666666,12.094999999999999,7.873333333333334,0.15148333333333333,4.076666666666667,6.94,410.6333333333334,1.0,43058.333333333336,21.380416666666665
2018-03-21 18:00:00,109.91666666666667,12.965000000000002,7.8933333333333335,153.4333333333333,17.848333333333333,6.496666666666667,394.71666666666664,1.0,102.60000000000001,12.06,8.095,0.14945,0.0,6.945,403.6666666666667,1.0,50600.0,22.31125
2018-03-22 00:00:00,109.53333333333335,13.001666666666665,7.638333333333333,148.81666666666663,20.595000000000002,6.448333333333333,401.1499999999999,1.0,103.14999999999999,12.206666666666665,7.8133333333333335,0.14461666666666664,0.0,6.8549999999999995,417.8333333333334,1.0,58675.0,23.48375
2018-03-22 06:00:00,110.05000000000001,13.136666666666665,7.415,144.28333333333333,24.310000000000002,6.391666666666667,409.5,1.0,102.8,12.243333333333334,7.57,0.14161666666666667,4.0633333333333335,6.816666666666667,425.71666666666664,1.0,62170.833333333336,24.18375
2018-03-22 12:00:00,111.48333333333333,13.318333333333333,7.381666666666667,144.26666666666665,23.893333333333334,6.419999999999999,406.7333333333333,1.0,103.69999999999999,12.363333333333335,7.511666666666667,0.13813333333333333,0.0,6.878333333333333,426.59999999999997,1.0,62304.166666666664,24.294999999999998
2018-03-22 18:00:00,113.16666666666664,13.508333333333333,7.413333333333333,143.21666666666667,24.575000000000003,6.438333333333333,393.76666666666665,1.0,105.33333333333336,12.516666666666666,7.646666666666667,0.13833333333333334,-0.18333333333333335,6.875,414.9666666666667,1.0,60791.666666666664,23.96541666666667
2018-03-23 00:00:00,113.2,13.615,7.1025,144.625,21.755000000000003,6.375,398.25000000000006,1.0,105.80000000000001,12.657499999999999,7.3725,0.13672499999999999,5.527499999999999,6.8149999999999995,420.15000000000003,1.0,57737.5,23.587083333333336
2018-03-23 06:00:00,,,,,,,,,,,,,,,,,52533.333333333336,22.67
2018-03-23 12:00:00,,,,,,,,,,,,,,,,,50612.5,22.272083333333327
2018-03-23 18:00:00,,,,,,,,,,,,,,,,,48120.833333333336,21.915000000000003
2018-03-24 00:00:00,,,,,,,,,,,,,,,,,44304.166666666664,21.433333333333337
2018-03-24 06:00:00,,,,,,,,,,,,,,,,,40658.333333333336,20.99083333333333
2018-03-24 12:00:00,,,,,,,,,,,,,,,,,39029.166666666664,20.9225
2018-03-24 18:00:00,,,,,,,,,,,,,,,,,37095.833333333336,20.622500000000002
2018-03-25 00:00:00,,,,,,,,,,,,,,,,,36537.5,20.735833333333336
2018-03-25 06:00:00,,,,,,,,,,,,,,,,,34112.5,20.410833333333333
2018-03-25 12:00:00,,,,,,,,,,,,,,,,,34650.0,20.4875
2018-03-25 18:00:00,,,,,,,,,,,,,,,,,33787.5,20.451666666666668
2018-03-26 00:00:00,,,,,,,,,,,,,,,,,31375.0,19.992499999999996
2018-03-26 06:00:00,,,,,,,,,,,,,,,,,28087.5,19.71291666666667
2018-03-26 12:00:00,,,,,,,,,,,,,,,,,28454.166666666668,19.899166666666662
2018-03-26 18:00:00,,,,,,,,,,,,,,,,,28933.333333333332,19.885833333333334
2018-03-27 00:00:00,,,,,,,,,,,,,,,,,29608.333333333332,19.900416666666665
2018-03-27 06:00:00,,,,,,,,,,,,,,,,,30575.0,20.130416666666665
2018-03-27 12:00:00,,,,,,,,,,,,,,,,,32516.666666666668,20.182916666666667
2018-03-27 18:00:00,,,,,,,,,,,,,,,,,29954.166666666668,20.017083333333332
2018-03-28 00:00:00,,,,,,,,,,,,,,,,,30866.666666666668,20.10208333333333
2018-03-28 06:00:00,,,,,,,,,,,,,,,,,31750.0,20.11375
2018-03-28 12:00:00,,,,,,,,,,,,,,,,,35520.833333333336,20.38958333333333
2018-03-28 18:00:00,,,,,,,,,,,,,,,,,39950.0,21.02208333333333
2018-03-29 00:00:00,,,,,,,,,,,,,,,,,40170.833333333336,21.05
2018-03-29 06:00:00,,,,,,,,,,,,,,,,,44137.5,21.537500000000005
2018-03-29 12:00:00,,,,,,,,,,,,,,,,,46966.666666666664,21.988333333333333
2018-03-29 18:00:00,,,,,,,,,,,,,,,,,53037.5,22.740416666666665
2018-03-30 00:00:00,,,,,,,,,,,,,,,,,56791.666666666664,23.27791666666667
2018-03-30 06:00:00,,,,,,,,,,,,,,,,,59291.666666666664,23.84041666666667
2018-03-30 12:00:00,,,,,,,,,,,,,,,,,64437.5,24.54416666666667
2018-03-30 18:00:00,,,,,,,,,,,,,,,,,66916.66666666667,25.082083333333333
2018-03-31 00:00:00,,,,,,,,,,,,,,,,,65312.5,24.897916666666674
2018-03-31 06:00:00,,,,,,,,,,,,,,,,,62733.333333333336,24.572916666666668
2018-03-31 12:00:00,,,,,,,,,,,,,,,,,57625.0,23.642500000000002
2018-03-31 18:00:00,,,,,,,,,,,,,,,,,56250.0,23.333333333333332
2018-04-01 00:00:00,,,,,,,,,,,,,,,,,52612.5,22.788124999999997
