ODO mg/L,Temp C,SpCond µS/cm,Turbidity NTU,pH,ORP mV,Water Added
-12.72,0.85,4,-0.7,0.37,-129.8,116.3480678
-12.71,0.86,4,-0.56,0.36,-129.9,147.4342509
-12.71,0.81,3.7,0.22,0.34,-132,181.2926486
-12.71,0.8,5,0.81,0.31,-132.1,215.9382534
-12.79,0.59,5.6,6.4,0.3,-131.7,246.8007338
-12.64,0.54,-2.4,7.03,0.31,-131.9,264.1419421
-12.6,0.56,-2.8,15.69,0.31,-133.3,283.9212269
-12.72,0.54,1.2,6.27,0.34,-133.8,300.7583962
-12.92,0.56,7.3,7.96,0.34,-133.1,314.4269155
-12.7,0.49,6.1,10.21,0.35,-133.4,316.2646758
-12.58,0.41,1.2,10.56,0.33,-128.4,333.0905184
-12.44,0.28,-4.4,5.03,0.32,-129.1,351.7796064
-12.57,0.07,-3.3,13.27,0.27,-129.9,369.5625568
-12.76,-0.05,-0.6,19.74,0.25,-130.2,391.8761952
-12.48,-0.07,-10.7,25.6,0.2,-122.5,417.2197312
-12.3,-0.21,-12.8,19.54,0.19,-114.2,444.3189088
-12.09,-0.03,-8.1,14.04,0.25,-116.6,473.1454112
-11.92,0.03,-8.4,10.18,0.29,-114,503.1329024
-11.97,0.07,-15.2,10.29,0.28,-115.9,506.1628
-11.71,-0.01,-21,6.12,0.3,-118.1,533.205344
-11.52,-0.09,-25.2,2.51,0.34,-118.4,555.6888832
-11.43,-0.18,-25.2,4.53,0.31,-116.8,573.6417344
-11.29,-0.34,-26.6,9.76,0.28,-117.1,586.5541952
-11.15,-0.51,-23.1,11.93,0.24,-115.9,593.6050784
-10.93,-0.54,-23.2,-29.47,0.23,-113.2,595.1058688
-10.83,-0.49,-17.8,20.23,0.19,-104,591.7361696
-10.58,-0.4,-18,-30.15,0.22,-109.2,585.2516224
-10.41,-0.38,-17.2,-32.37,0.26,-113.3,576.1336128
-10.23,-0.37,-16.7,-29.02,0.29,-115.6,562.4282816
-10.13,-0.32,-13.3,-37.21,0.32,-116.3,546.2877056
-10.11,-0.28,-12.2,-38.31,0.35,-117.5,530.2887136
-10.03,-0.25,-13.7,-54.16,0.36,-118,516.1019968
-9.97,-0.24,-15.5,-22.57,0.35,-118.6,503.9540896
-9.83,-0.23,-18.6,-22.29,0.35,-119.9,494.0148928
-9.72,-0.2,-18.7,-90.46,0.34,-118.4,486.1711392
-9.62,-0.18,-19.9,-100,0.34,-117.8,479.2335232
-9.54,-0.15,-19.1,-118.2,0.32,-117,471.9277888
-9.46,-0.14,-19.8,-114.7,0.34,-118.1,463.4893824
-9.38,-0.09,-20.2,-109.7,0.33,-117.8,455.0792928
-9.38,-0.04,-18.4,-12.11,0.33,-118.1,449.104448
-9.3,-0.05,-18.1,-123.6,0.33,-118,448.1983104
-9.24,-0.05,-17.9,-100.1,0.34,-118.3,454.6545408
-9.13,-0.05,-18.2,-76.01,0.38,-117.8,469.8606624
-9.02,-0.02,-16.6,-96.02,0.35,-118.7,489.4842048
-8.79,0.04,-19.3,-87.27,0.36,-120,510.3253696
-8.65,0.06,-19.3,-84.55,0.38,-121.3,527.4570336
-8.61,0.08,-17.8,-1.61,0.41,-118.7,537.028112
-8.66,0.03,-16.1,-92.12,0.37,-116.5,536.7166272
-8.91,0.02,-14,-14.27,0.36,-116.6,528.0800032
-9.24,0.07,-13.1,-91.6,0.34,-118.5,515.2524928
-9.43,0.08,-15.5,-82.21,0.34,-120.3,501.7170624
-9.55,0.02,-16.5,-91.03,0.31,-117.8,486.8507424
-9.52,-0.06,-16.5,-84.12,0.3,-118.1,472.3525408
-9.54,-0.09,-15.1,-99.31,0.3,-120.1,457.0048352
-9.66,-0.14,-15.3,-98.82,0.33,-123.5,438.6838656
-9.79,-0.16,-17.1,-122.3,0.33,-125.9,416.3702272
-9.89,-0.17,-18,-137.8,0.33,-126.9,391.0833248
-9.93,-0.18,-17.5,-138.8,0.35,-127.7,364.5788
-10.04,-0.14,-16.1,-127.4,0.36,-128.4,333.7701216
-10.15,-0.04,-15.2,-135.8,0.37,-130,306.9824288
-10.29,-0.02,-16.1,-127.4,0.36,-130.5,287.4438368
-10.44,0.04,-16.8,-108.9,0.35,-131.2,271.3598944
-10.63,0.05,-18.6,-115,0.37,-133.3,255.7856544
-10.79,0.04,-18.7,-107.1,0.37,-134.6,240.3813152
-10.92,0.05,-19.3,-86.83,0.38,-135.9,225.2318272
-10.98,0.06,-19.3,-112,0.4,-136.8,205.8914528
-11.03,0.1,-18.6,-125,0.41,-137,187.1174144
-11.13,0.13,-17.2,-83.7,0.42,-137.5,172.590896
-11.14,0.19,-16.7,-97.89,0.44,-137.6,163.7277376
-11.22,0.26,-15.7,-93.42,0.43,-138.5,160.3297216
-11.13,0.29,-15.5,-80.62,0.48,-137.5,160.3863552
-11.09,0.29,-15.5,-79.31,0.43,-137.2,163.5012032
-11.1,0.26,-15,-35.89,0.42,-137.7,168.7964448
-11.01,0.21,-16.3,-16.83,0.4,-136.8,173.9784192
-11.01,0.14,-17.2,-94.52,0.39,-136.3,178.4241568
-10.98,0.08,-15.8,-96.32,0.37,-134.8,183.5494976
-10.99,0.02,-13.5,-96.6,0.36,-133.6,186.4378112
-10.87,-0.04,-15.4,-37.81,0.36,-134.1,186.8625632
-10.81,-0.06,-15.7,-19.68,0.37,-135.2,185.3051392
-10.69,-0.08,-16.5,-90.44,0.36,-134.8,182.3885088
-10.61,-0.1,-14.9,-17.82,0.35,-135.2,178.7639584
-10.47,-0.13,-14.7,-14.63,0.36,-135.4,175.1677248
-10.38,-0.14,-13.2,-20.95,0.36,-135.4,171.9962432
-10.32,-0.16,-10.7,-23.9,0.36,-136.1,169.4194144
-10.24,-0.16,-9.9,-25.16,0.36,-136.3,168.0318912
-10.15,-0.15,-9.1,-10.59,0.36,-137.1,168.4283264
-10.06,-0.16,-10.6,-5.54,0.37,-137.7,169.19288
-10,-0.19,-9.8,-0.93,0.36,-137.8,168.8247616
-9.95,-0.19,-10.1,-5.81,0.37,-138.4,168.8813952
-9.83,-0.2,-11.3,1.64,0.37,-139,169.5043648
-9.71,-0.22,-11.3,-9.17,0.37,-139.9,170.1273344
-9.62,-0.23,-11.7,1.02,0.37,-139.9,170.2689184
-9.57,-0.21,-13.8,-12.41,0.37,-140,170.8635712
-9.49,-0.21,-14.2,-10.26,0.37,-139.8,172.02456
-9.47,-0.22,-13.7,-1.62,0.37,-140.4,172.5625792
-9.4,-0.21,-16.6,-9.59,0.37,-139.5,172.73248
-9.42,-0.22,-15,-8.5,0.35,-138.4,172.3926784
-9.35,-0.22,-15.7,-4.07,0.35,-138.1,171.033472
-9.41,-0.22,-13.6,-7.41,0.35,-137.5,169.0796128
-9.37,-0.23,-12.9,2.19,0.34,-136.9,167.8053568
-9.37,-0.23,-12.4,-2.8,0.35,-137.8,168.1734752
-9.38,-0.24,-12.6,-6.17,0.35,-137.8,170.3821856
-9.34,-0.24,-12.7,-1.38,0.35,-138,173.5536672
-9.33,-0.24,-10.6,-7.86,0.35,-138.3,176.838416
-9.16,-0.27,-12.8,0.85,0.35,-137.9,178.8772256
-9.14,-0.27,-11.9,-6.16,0.35,-137.4,180.2930656
-9.12,-0.28,-10.5,-2.45,0.35,-138.4,181.1708864
-8.93,-0.28,-12.9,-10.98,0.36,-138.4,181.9637568
-8.82,-0.25,-14.2,-14.01,0.35,-138.2,181.8221728
-8.78,-0.27,-14,-8.31,0.35,-138,181.3407872
-8.75,-0.26,-14.5,-12.07,0.35,-137.7,180.236432
-8.74,-0.26,-11.1,-8.2,0.35,-137.8,178.679008
-8.73,-0.23,-9.8,-5.05,0.36,-137.9,176.1588128
-8.69,-0.18,-12.4,-6.03,0.37,-139.3,172.7891136
-8.64,-0.15,-15,-5.16,0.37,-139.9,168.9946624
-8.69,-0.12,-15.3,-5.36,0.39,-140.3,164.8320928
-8.71,-0.09,-15.4,-6.35,0.4,-140.9,160.1881376
-8.71,-0.07,-16.1,-3.11,0.4,-141.5,154.6380448
-8.66,-0.03,-17.7,-12.94,0.41,-141.9,148.2667648
-8.71,-0.05,-14.7,-5.71,0.41,-141,141.2725152
-8.62,-0.04,-16.9,-8.97,0.39,-139.9,133.9950976
-8.61,-0.08,-15.4,-2.21,0.36,-139.2,127.1707488
-8.6,-0.12,-15.8,-5.71,0.35,-138.6,121.195904
-8.62,-0.16,-13,-3.8,0.35,-138.6,116.2687808
-8.66,-0.19,-12.3,-4.21,0.34,-137.9,112.276112
-8.62,-0.18,-14.5,-4.21,0.33,-138.5,109.0479968
-8.69,-0.17,-13.8,-7.92,0.33,-139,106.329584
-8.62,-0.19,-15.7,0.74,0.32,-140.7,103.8377056
-8.68,-0.19,-15.6,4.41,0.33,-141.9,101.4307776
-8.7,-0.17,-14.9,4.9,0.33,-142.2,99.0804832
-8.71,-0.18,-14.7,-2.17,0.33,-141.5,96.843456
-8.77,-0.2,-15,-0.41,0.33,-141.9,94.6913792
-8.73,-0.19,-17.3,2.18,0.32,-142.3,92.8224704
-8.74,-0.18,-17.1,0.67,0.32,-143.4,91.32168
-8.79,-0.16,-17.8,1.67,0.32,-144.2,90.2456416
-8.81,-0.17,-18.3,-6.43,0.33,-145.2,89.481088
-8.71,-0.14,-19.8,-1.14,0.33,-146.5,88.8581184
-8.76,-0.09,-18.9,-2.29,0.39,-147.5,88.2351488
-8.81,-0.02,-18.4,-4.15,0.51,-145.9,87.6688128
-8.76,0.07,-19,3.61,0.61,-144.9,87.1307936
-8.78,0.18,-18.7,-3.31,0.67,-143.3,86.6777248
-8.79,0.31,-18.8,-4.94,0.68,-143.2,86.1963392
-8.81,0.34,-16.5,-1.31,0.65,-143.7,85.7149536
-8.8,0.4,-16.4,2.94,0.51,-147.3,85.9981216
-8.88,0.37,-15,2.62,0.42,-149.8,78.6074368
-8.87,0.32,-14.2,-6.95,0.36,-147.1,78.720704
-8.85,0.34,-15,-8.79,0.38,-147.9,78.9189216
-8.83,0.31,-16.4,-53.37,0.38,-149.7,79.2587232
-8.86,0.21,-14.3,-10.47,0.39,-153,79.711792
-8.91,0.21,-14.2,-19.63,0.41,-153.6,80.9577312
-8.98,0.15,-12.2,6.2,0.39,-151.9,82.6284224
-9.01,0.11,-11.6,-9.93,0.4,-153.3,83.7327776
-9.03,0.09,-14.5,-9.82,0.39,-155.1,84.2991136
-8.98,0.07,-13.5,-9.22,0.39,-155.8,84.384064
-9.07,0.05,-11.9,-12.76,0.4,-156.9,83.9876288
-9.07,0.01,-12.4,-21.1,0.41,-157.6,83.2230752
-8.98,-0.03,-14.6,-16.99,0.41,-157.4,82.260304
-9,-0.08,-15.9,-7.83,0.41,-158.5,81.0993152
-8.98,-0.11,-18.1,-8.69,0.41,-159.6,79.9100096
-8.9,-0.16,-20.1,1.68,0.4,-161.1,78.7773376
-8.86,-0.15,-22.6,-8.25,0.42,-161.9,77.729616
-8.89,-0.14,-21.3,-5.89,0.49,-161.5,76.738528
-8.89,-0.1,-21.9,-8.34,0.61,-159.4,75.74744
-8.87,0.01,-22.7,-10.42,0.71,-155.7,74.6997184
-8.95,0.08,-19.1,-12.8,0.75,-153.2,73.3121952
-8.98,0.2,-17.4,1.22,0.74,-151.7,71.7264544
-8.97,0.3,-17.1,-4.92,0.77,-152.7,70.08408
-11.86,6.31,116.7,32.29,0.55,-104.8,68.6116064
-8.82,0.95,37.9,31.91,-0.03,-47.9,67.7054688
-8.73,0.93,45.3,29.1,0.1,-71.7,67.4789344
-8.59,0.92,48.9,38.48,0.29,-81.2,67.9036864
-8.59,0.91,48.9,32.3,0.38,-86.3,68.8947744
-8.41,0.93,43.6,31.53,0.43,-90.9,70.1690304
-8.28,0.97,37.1,33.03,0.44,-93.8,71.4716032
-8.23,0.99,-14,35.49,0.4,-96.2,72.2644736
-8.34,0.99,-16.3,33.91,0.39,-99.7,72.349424
-8.32,0.68,-18.3,29.7,0.35,-106.7,72.20784
-8.41,0.64,-16.5,29.69,0.32,-110.9,72.1228896
-8.33,0.55,-20.3,29.81,0.26,-114.8,72.1795232
-8.48,0.58,-15.1,2.09,0.22,-119,72.2927904
-9.12,0.25,-15.7,1.69,0.4,-122.9,72.5193248
-9.16,0.22,-15.7,5.5,0.3,-122.2,72.774176
-9.13,0.16,-15.6,-1.75,0.28,-122.3,73.0007104
-9.14,0.1,-15.6,1.28,0.29,-124.9,73.0290272
-9.17,0.06,-17.1,4.3,0.29,-125.3,72.6892256
-9.16,0.05,-18.7,3.1,0.34,-122,71.8963552
-9.11,0.08,-24.7,4.04,0.5,-118.3,70.7070496
-9.15,0.19,-24.9,-8.7,0.58,-118,69.2628928
-9.16,0.29,-25,-10.35,0.61,-118,67.7054688
-9.2,0.34,-23,-6.35,0.61,-115.9,66.1763616
-9.2,0.39,-23.1,-11.73,0.56,-116.3,64.9304224
-9.21,0.37,-23,0.08,0.46,-118.3,63.8827008
-9.25,0.37,-22.1,0.5,0.34,-120.8,63.0615136
-9.37,0.35,-20.8,1.47,0.28,-121.5,62.4243856
-9.41,0.2,-19.2,-13.48,0.26,-124.1,61.91185152
-9.3,0.02,-18.7,-10.59,0.28,-125.2,61.53523808
-9.32,0.09,-19.4,-10.17,0.28,-126.1,61.28038688
-9.39,0.11,-15.2,-4.46,0.3,-126.2,61.1218128
-9.41,0.16,-12.9,-9.14,0.3,-127.2,61.03969408
-9.36,0.22,-13.3,-2.14,0.3,-127.9,60.9235952
-9.44,0.35,-11.4,-10.53,0.31,-127.7,60.75935776
-9.4,0.43,-11.5,-7.23,0.32,-128.9,60.56397184
-9.33,0.51,-13.2,-7.5,0.32,-129.4,60.26381376
-9.35,0.6,-12.8,-10.17,0.34,-130.5,59.89286368
-9.41,0.66,-11.4,-11.06,0.36,-131.6,59.3803296
-9.36,0.65,-13.3,-10.54,0.37,-132.8,58.80833024
-9.34,0.65,-14,-8.34,0.38,-134,58.21367744
-9.45,0.64,-13.7,-2.95,0.37,-134.5,57.68415328
-9.33,0.59,-17.4,-0.14,0.36,-134.2,57.30470816
-9.31,0.59,-18.2,-0.38,0.35,-134.1,57.13197568
-9.43,0.63,-15.8,-2.14,0.36,-133.4,54.66841408
-9.38,0.65,-16.9,1.08,0.38,-134.6,54.8071664
-9.38,0.67,-17.4,5.93,0.38,-135,55.12148288
-9.4,0.72,-16.9,-1.46,0.38,-134.9,55.55472992
-9.43,0.75,-16.4,3.97,0.39,-136,56.09841248
-9.46,0.79,-17.1,2.74,0.43,-134.9,56.6760752
-9.43,0.74,-18.1,4.45,0.4,-135.9,57.30187648
-9.53,0.72,-17.2,4.37,0.35,-135.7,57.86821248
-9.6,0.66,-16.5,5.46,0.33,-136.8,58.32694464
-9.57,0.56,-18.2,7.62,0.32,-136.6,58.64692448
-9.51,0.45,-19.7,6.44,0.3,-136.1,58.78850848
-9.51,0.37,-20.5,3.31,0.28,-135.7,58.61294432
-9.56,0.27,-19.2,6.23,0.27,-136.3,58.2476576
-9.53,0.14,-19.5,4.32,0.24,-135.2,57.74361856
-9.55,0.1,-19.1,2.16,0.24,-135.8,57.1857776
-9.58,0.07,-17.9,6.27,0.22,-134.1,56.61377824
-9.59,0.04,-18.7,4.99,0.21,-133.3,56.11540256
-9.57,0.05,-18.9,1.86,0.2,-132.6,55.76144256
-9.57,0.07,-18.3,5.43,0.2,-132.6,55.56039328
-9.52,0.09,-19.1,4.92,0.21,-133.3,55.48960128
-9.58,0.14,-17.3,3.67,0.21,-133.5,55.500928
-9.49,0.13,-18.9,5.34,0.23,-132.6,55.58021504
-9.51,0.16,-19,3.2,0.23,-133.8,55.67649216
-9.57,0.21,-17,4.32,0.26,-135.2,55.76144256
-9.52,0.28,-19.1,4.08,0.33,-135.7,55.80108608
-9.58,0.37,-18.7,4.52,0.39,-134.6,55.79259104
-9.54,0.44,-20.1,2.37,0.42,-134.7,55.75011584
-9.58,0.55,-20.1,3.81,0.39,-135.1,55.66233376
-9.57,0.63,-21.5,2.3,0.39,-135.9,55.54623488
-9.61,0.7,-21.8,2.64,0.36,-135.8,55.39898752
-9.73,0.73,-20.4,3.03,0.34,-137.8,55.22625504
-9.69,0.7,-22.4,0.49,0.33,-138,55.005384
-9.74,0.73,-20.9,3.7,0.31,-138.1,54.75619616
-9.87,0.73,-18.6,4.88,0.28,-137.8,54.47019648
-9.91,0.66,-19.2,1.61,0.28,-138.2,54.1275632
-9.93,0.56,-18.2,4.26,0.27,-138.4,53.76227648
-10.01,0.49,-16.7,3,0.26,-138.6,53.37150464
-10,0.47,-16.8,3.36,0.27,-139.4,52.98922784
-9.93,0.44,-18.4,2.77,0.27,-140.1,52.79101024
-10.04,0.44,-16.4,3.78,0.26,-139.7,52.75136672
-10.13,0.49,-14.8,1.23,0.25,-140.1,52.6550896
-10.19,0.45,-13.7,2.55,0.26,-139.7,52.67774304
-10.29,0.41,-11,2.71,0.27,-139.3,52.82782208
-10.16,0.32,-13.3,1.18,0.26,-138.6,53.06851488
-10.28,0.24,-8.2,2.98,0.26,-138.3,53.38849472
-10.22,0.13,-9.7,1.44,0.26,-139.9,53.79625664
-10.05,0,-12.1,0.9,0.25,-139,54.05110784
-10.15,0.03,-8.5,1.28,0.34,-137.3,54.26348384
-10.06,0.01,-9.2,2.32,0.29,-136.3,54.56081024
-9.97,-0.03,-10.2,-0.68,0.35,-139.3,54.77318624
-9.99,-0.04,-8.7,1.36,0.29,-138.9,55.09599776
-9.96,-0.01,-8.2,1.37,0.39,-138.3,55.20926496
-9.89,0.02,-10.5,-2.59,0.36,-136.7,55.4159776
-9.94,0.01,-10.6,-0.15,0.34,-138.2,55.43863104
-9.96,0.02,-7.8,-0.01,0.33,-140.8,55.40465088
-9.99,-0.02,-7.3,2.25,0.22,-141.8,55.32819552
-9.97,-0.09,-10.2,2.26,0.24,-143.2,55.33669056
-9.98,-0.06,-8.8,0.92,0.28,-145.7,55.32819552
-9.95,-0.14,-11.1,2.37,0.27,-146,55.31120544
-9.98,-0.21,-14.8,-0.4,0.26,-143.2,55.37916576
-9.78,-0.24,-19.3,-3.19,0.25,-142.9,55.38199744
-9.85,-0.24,-20,-0.96,0.24,-142.5,55.48960128
-9.9,-0.19,-13.1,-4.27,0.22,-142.4,55.73878912
-9.9,-0.11,-10,-1.18,0.24,-144.3,56.16070944
-9.89,-0.09,-13.3,-1.61,0.26,-145.6,56.78084736
-9.87,-0.09,-15.3,-1.84,0.27,-146.1,58.48551872
-9.87,-0.05,-15.7,-0.24,0.26,-145.9,60.47618976
-9.79,-0.09,-21.5,-2.71,0.25,-143.5,62.34793024
-9.72,-0.11,-21.3,-0.16,0.25,-143.4,63.64767136
-9.76,-0.14,-20.5,-2.24,0.23,-142.9,65.29287744
-9.67,-0.15,-15.4,-2.17,0.25,-143.7,66.10273792
-9.67,-0.17,-14.8,-2.63,0.24,-143.3,66.47085632
-9.66,-0.2,-15.5,-2.65,0.25,-144.2,67.6346768
-9.66,-0.21,-11.9,-2.15,0.26,-144,67.4364592
-9.58,-0.19,-12.9,-2.92,0.28,-143.4,66.83331136
-9.57,-0.18,-14.1,-1.9,0.3,-142.5,66.40006432
-9.46,-0.22,-15.2,-1.91,0.29,-143.2,63.82323552
-9.44,-0.24,-16.1,-2.45,0.27,-142.5,63.9393344
-9.46,-0.3,-15.8,-2.03,0.26,-142.3,64.77751168
-9.48,-0.37,-14.7,-1.39,0.24,-142.6,64.562304
-9.48,-0.44,-15,-1.74,0.23,-142.5,64.66990784
-9.5,-0.49,-15.1,-1.32,0.22,-142.3,64.9728976
-9.57,-0.53,-14.9,-1.1,0.21,-143,65.23058048
-9.65,-0.55,-14.1,-1.07,0.19,-142.7,65.58454048
-9.65,-0.56,-14.4,-3.23,0.2,-144.7,65.84788672
-9.67,-0.6,-11.7,-2.46,0.17,-143.8,65.67232256
-9.56,-0.63,-14.1,-1.77,0.16,-141.6,65.83372832
-9.53,-0.63,-14.8,-2.52,0.15,-141.4,66.02911424
-9.39,-0.67,-15.4,-2.48,0.14,-141.1,66.17069824
-9.33,-0.65,-14.7,-1.91,0.14,-141.1,66.28113376
-9.27,-0.64,-14.4,-2.01,0.15,-141.9,66.36325248
-9.25,-0.62,-14.9,-1.95,0.15,-142.5,66.49634144
-9.19,-0.59,-14.1,-2.6,0.17,-142.8,66.69172736
-9.18,-0.58,-13.4,-2.01,0.17,-143.2,66.9550736
-9.09,-0.57,-16.1,-0.99,0.18,-143.7,67.27788512
-8.99,-0.48,-17.9,-1.61,0.33,-142.7,67.60352832
-8.98,-0.41,-16.7,-1.27,0.38,-141,67.889528
-8.97,-0.3,-15.2,-1.03,0.5,-138.8,68.16703264
-8.99,-0.19,-15.2,-2.59,0.54,-137.2,68.26047808
-9.03,-0.05,-17,-0.29,0.56,-136.9,68.32277504
-9.07,0.01,-17.4,-1.18,0.53,-135.9,68.3709136
-9.12,0.06,-18.4,-1.9,0.41,-136.5,68.52382432
-9.13,0.05,-19.6,-0.98,0.29,-141.5,68.75602208
-9.17,0,-17.9,-1.82,0.21,-144.4,69.05334848
-9.22,-0.08,-17.3,-0.21,0.15,-144.9,69.32802144
-9.24,-0.15,-16.4,-1.9,0.15,-145.5,69.61968448
-9.25,-0.18,-17.3,-0.09,0.17,-146.9,69.88303072
-9.26,-0.23,-16.5,-0.9,0.17,-147.4,70.04726816
-9.26,-0.24,-16.7,-0.6,0.19,-148.7,70.08974336
-9.23,-0.21,-17.2,-0.53,0.18,-148.9,70.013288
-9.22,-0.21,-17.3,-1.64,0.2,-149.6,69.89152576
-9.19,-0.17,-17.3,-3.97,0.22,-149.8,69.7584368
-9.2,-0.16,-17.2,-4.28,0.22,-149.7,69.55738752
-9.2,-0.13,-16.6,-4.17,0.23,-150.6,69.34217984
-9.22,-0.12,-16,-2.38,0.24,-149.5,69.04768512
-9.24,-0.17,-16,-1.27,0.24,-142.2,68.66257664
-9.26,-0.17,-15.5,-4.35,0.25,-145.6,68.15287424
-9.26,-0.18,-16.5,-3.73,0.27,-150.4,67.5780432
-9.28,-0.2,-16.8,-3.37,0.26,-151.3,67.09382592
-9.35,-0.16,-15.1,-4.63,0.37,-151.5,66.67756896
-9.29,-0.05,-18,-3.39,0.43,-151.1,66.03760928
-9.34,0.05,-16.5,-3.43,0.52,-149.4,65.17677856
-9.34,0.17,-16.7,-2.8,0.54,-148.3,64.0242848
-9.37,0.31,-17.7,-2.11,0.57,-146,62.82931584
-9.39,0.39,-15.5,-0.57,0.56,-146.1,61.78442592
-9.45,0.42,-15.1,-2.24,0.39,-145.5,60.97456544
-9.5,0.4,-15.6,-0.72,0.23,-148.8,60.57813024
-9.5,0.35,-17.9,-0.95,0.19,-149.4,60.95757536
-9.53,0.27,-18,-1.47,0.16,-149.9,61.88353472
-9.5,0.16,-18,-1.42,0.16,-151.2,62.95107808
-9.55,0.14,-16.5,-2.16,0.16,-151.6,63.36167168
-9.5,0.02,-16.8,-2.87,0.19,-153.8,63.01620672
-9.53,0.05,-15,-1.73,0.18,-152.9,62.12422752
-9.47,0.04,-15.7,-2.75,0.19,-152,60.91226848
-9.5,0.07,-15.7,-1.8,0.19,-152.5,59.61819072
-9.43,0.08,-18.2,-2.03,0.2,-154,58.51100384
-9.44,0.12,-16,-1.66,0.22,-155.1,57.78892544
-9.41,0.15,-14.6,-2.04,0.24,-155.2,57.4264704
-9.48,0.13,-13.5,-2.43,0.25,-155.2,57.36700512
-9.42,0.12,-15.1,-1.83,0.26,-155.3,57.43213376
-9.46,0.1,-14.2,-4.56,0.26,-154.4,57.4547872
-9.4,0.09,-16.5,-1.56,0.27,-155.7,57.16029248
-9.41,0.08,-15.8,-3.28,0.28,-156.3,56.5203328
-9.41,0.09,-15.3,-1.58,0.28,-156.2,55.70764064
-9.43,0.13,-13.8,-3.07,0.31,-157.3,54.79583968
-9.45,0.21,-13.3,-2.21,0.38,-156.1,53.88120704
-9.46,0.29,-13.9,-2.61,0.37,-155.2,52.85613888
-9.52,0.36,-14.9,-1.54,0.35,-155.5,51.86788256
-9.58,0.4,-15.5,-3.54,0.32,-155.4,51.00705184
-9.58,0.33,-17.6,-1.81,0.3,-154.6,50.2906368
-9.62,0.3,-18.2,-1.56,0.27,-154.2,49.79792448
-9.66,0.25,-18.5,-2.24,0.23,-153,49.51758816
-9.66,0.14,-19.5,-1.86,0.17,-150.8,49.39299424
-9.67,0.05,-20.3,-3.68,0.18,-151.8,49.91119168
-9.62,-0.01,-21.2,-3.07,0.15,-147.8,50.6729136
-9.62,0,-20.3,-2.35,0.14,-148.6,52.1595456
-9.6,-0.04,-21.2,-2.11,0.14,-149.3,52.50217888
-9.65,0.02,-17.2,-3.28,0.15,-150.1,55.28572032
-9.73,0.1,-15.8,-3.03,0.16,-150.4,56.77801568
-9.62,0.13,-17.9,-2.43,0.17,-150.8,59.93817056
-9.66,0.2,-16.3,-1.49,0.18,-151,60.48185312
-9.84,0.26,-11.4,-3.78,0.2,-151.9,62.31395008
-9.97,0.28,-8.3,-2.01,0.19,-150.9,65.97531232
-9.8,0.33,-12,-1.41,0.2,-149.3,67.19293472
-9.83,0.35,-11.4,-0.92,0.21,-149.5,66.3037872
-10.12,0.42,-4.8,0.7,0.22,-151.1,66.28679712
-10.12,0.45,-4.9,-0.35,0.24,-151.2,65.5817088
-10.15,0.46,-6,0,0.24,-152.9,66.36608416
-10.25,0.52,-2.9,0.71,0.26,-152.4,66.49067808
-10.29,0.54,-3.5,0.05,0.26,-149.7,65.42030304
-10.13,0.53,-8.2,-1.63,0.27,-151.6,66.15370816
-10.22,0.53,-8.6,-1.63,0.26,-150.8,67.45911264
-10.21,0.51,-11.4,-2.21,0.23,-150.1,68.94291296
-10.31,0.51,-9.5,-2.26,0.25,-149,70.5513072
-10.34,0.47,-9.5,-3.04,0.22,-149.1,72.63542368
-10.31,0.41,-11.8,-1.95,0.24,-150.1,74.91492608
-10.17,0.3,-17.6,-2.83,0.19,-150.1,77.69280416
-10.34,0.25,-16.6,-2.42,0.16,-148.9,81.07949344
-10.25,0.16,-17.8,-1.46,0.14,-148.4,85.14578592
-10.22,0.09,-19.2,-1.78,0.13,-147.9,89.77558272
-10.24,0.03,-17.7,-2.19,0.11,-146.1,94.8471216
-10.28,-0.05,-16.3,-1.64,0.1,-144.3,100.1055514
-10.21,-0.07,-16.1,-2.65,0.08,-145,105.6075056
-10.23,-0.1,-15.3,-1.63,0.07,-143.9,111.1151232
-10.18,-0.12,-15.9,-2.16,0.08,-143.7,116.4669984
-10.14,-0.14,-16.3,-2.17,0.08,-143,121.5470323
-10.05,-0.15,-17.8,-2.65,0.09,-143,126.3807101
-10,-0.16,-18.2,-0.18,0.09,-142.9,130.9991802
-9.92,-0.16,-19.6,1.85,0.09,-143.2,135.3712941
-9.87,-0.17,-21,-1.08,0.1,-143.8,139.4942202
-9.8,-0.19,-22.4,-1.39,0.12,-145.1,143.3141565
-9.74,-0.14,-23.6,1.46,0.16,-146.3,146.9925088
-9.77,-0.1,-23.1,-1.08,0.22,-145.3,150.1753171
-9.71,-0.02,-24,-2.49,0.28,-145.6,152.6870173
-9.7,0.06,-23.9,-3.63,0.31,-146.4,154.3605402
-9.75,0.14,-22.6,-4.18,0.45,-144.8,155.5668358
-9.74,0.21,-23.6,-4.03,0.46,-144.1,155.9519443
-9.77,0.23,-23.7,-2.54,0.35,-144.5,155.7140832
-9.83,0.2,-22.4,-2.66,0.27,-145.7,155.3119846
-9.88,0.12,-22,-4.45,0.18,-146.3,154.5077875
-9.92,0.03,-21.8,-4.04,0.15,-147.3,154.4001837
-9.98,-0.08,-22.3,-2.85,0.13,-147.5,153.751729
-10.1,-0.13,-17.7,-2.14,0.1,-146.3,152.9758486
-10.04,-0.21,-20.2,-1.82,0.11,-145.9,152.3613741
-10.06,-0.35,-18.4,-3.1,0.08,-145.2,151.7355728
-10.06,-0.42,-17.4,-3.55,0.08,-146,150.7416531
-9.91,-0.47,-21.2,-1.08,0.07,-146.4,149.7307434
-9.96,-0.52,-17.6,-1.46,0.06,-146.2,148.229953
-9.85,-0.58,-18.4,-2.51,0.06,-144.8,147.168073
-9.74,-0.66,-19.5,-2.69,0.05,-144.5,146.5281133
-9.72,-0.7,-18.1,-1.42,0.06,-144.8,145.760728
-9.57,-0.73,-21.6,-1.48,0.07,-144.9,145.0301546
-9.65,-0.84,-17.2,-2.76,0.09,-145.8,144.3845315
-9.56,-0.85,-17.1,-1.9,0.09,-145.5,143.8380173
-9.55,-0.85,-14.7,-2.18,0.1,-146.6,143.3028298
-9.58,-0.81,-12.1,-2.3,0.12,-147.7,143.1980576
-9.5,-0.74,-15.4,-3.14,0.14,-148.3,142.778969
-9.55,-0.65,-15.2,-4.63,0.24,-148,142.725167
-9.56,-0.51,-15.7,-3.66,0.38,-146.2,142.5099594
-9.56,-0.41,-15.8,-2.94,0.44,-142.9,142.1984746
-9.63,-0.31,-13.5,-3.65,0.41,-143.5,142.0937024
-9.68,-0.26,-11.1,-3.56,0.35,-141.8,141.584
-9.67,-0.29,-11.7,-3.69,0.24,-143.8,140.6778624
-9.61,-0.28,-14.3,-4.05,0.2,-145.7,139.7150912
-9.64,-0.34,-12.9,-5.1,0.17,-145.2,138.5541024
-9.67,-0.33,-12.1,-4.92,0.14,-145.6,137.7045984
-9.68,-0.29,-11.2,-5.67,0.14,-145.3,136.62856
-9.64,-0.3,-11.6,-6.07,0.15,-145.8,135.4109376
-9.62,-0.28,-12,-4.91,0.15,-145.9,134.3915328
-9.57,-0.24,-13.8,-10.23,0.16,-148,133.4570784
-9.6,-0.2,-11.9,-2.96,0.18,-145.1,132.7208416
-9.55,-0.2,-11.3,-4.03,0.18,-146.2,132.1828224
-9.48,-0.18,-12.3,-3.22,0.19,-145.8,131.7014368
-9.43,-0.21,-12.5,-5.18,0.18,-145.6,131.5881696
-9.42,-0.25,-11.8,-4.15,0.19,-144.8,131.6448032
-9.42,-0.26,-11.9,-3.62,0.2,-145.6,131.8430208
-9.33,-0.29,-14.3,-3.82,0.19,-145.3,132.097872
-9.41,-0.32,-12.8,-4.45,0.19,-147.2,132.2677728
-9.39,-0.31,-14.4,-5.65,0.2,-143.6,132.0695552
-9.41,-0.32,-13.6,-4.46,0.26,-141.5,131.4182688
-9.4,-0.27,-14.2,-2.9,0.29,-140.7,130.1723296
-9.42,-0.18,-14.2,-2.92,0.27,-142.4,128.4733216
-9.43,-0.09,-14.7,-2.54,0.4,-140,126.6044128
-9.5,-0.02,-11.9,-4.76,0.43,-137,124.6788704
-9.49,0.05,-12.6,-4.64,0.28,-136.8,122.7816448
-9.51,0.13,-13.3,-5.74,0.2,-135.8,121.0826368
-9.52,0.17,-11.3,-5.17,0.12,-135.1,119.5535296
-9.47,0.18,-11.2,-4.79,0.08,-134.3,118.3925408
-9.5,0.22,-7.5,-4.36,0.09,-134.6,117.4297696
-9.47,0.22,-8.8,-3.42,0.1,-135.1,116.4669984
-9.4,0.27,-9,-3.7,0.12,-136.6,115.4192768
-9.37,0.33,-8.7,-3.26,0.14,-137.2,114.2299712
-9.36,0.37,-6.8,-3.97,0.17,-138.5,113.0123488
-9.33,0.4,-8.6,-3.45,0.2,-140.9,111.7947264
-9.26,0.45,-10.9,-5.1,0.22,-141.5,110.6620544
-9.31,0.52,-7.1,-4.89,0.25,-143,109.586016
-9.23,0.52,-9.2,-4.28,0.26,-143,108.594928
-9.31,0.56,-7.6,-2.82,0.25,-143,107.6321568
-9.28,0.55,-10.4,-3.88,0.26,-143.6,106.6410688
-9.31,0.54,-10.9,-3.18,0.23,-141.8,105.6782976
-9.33,0.52,-10.6,-3.24,0.23,-140.8,104.7438432
-9.29,0.48,-12.5,-2.36,0.2,-139.1,103.8093888
-9.28,0.44,-13,-3.1,0.19,-139.2,103.1297856
-9.32,0.42,-13.2,-6.39,0.2,-139.3,102.506816
-9.28,0.36,-14.1,-4.81,0.18,-138,101.515728
-9.3,0.32,-14.1,-5.04,0.16,-136.9,100.0149376
-9.32,0.27,-14.7,-3.15,0.13,-136.2,98.1460288
-9.27,0.21,-16.4,0.44,0.1,-134.9,99.5052352
-9.26,0.17,-17.3,-4.23,0.08,-133.8,104.5739424
-9.19,0.14,-18.6,-5.23,0.07,-132.7,109.8125504
-9.37,0.16,-14.1,-5.59,0.06,-131.2,113.408784
-9.36,0.13,-13.2,-2.14,0.03,-130.2,118.0244224
-9.5,0.16,-9.7,-4.96,0.05,-131.7,123.8576832
-9.68,0.15,-4.5,1.15,0.08,-133.3,128.1618368
-9.81,0.21,-1.1,-2.94,0.09,-134.8,129.9457952
-9.62,0.23,-6.7,-3.38,0.11,-134.6,129.2378752
-9.72,0.26,-5,-5.25,0.11,-135.1,127.4539168
-9.62,0.26,-9.9,-1.41,0.14,-136.3,126.4911456
-9.48,0.28,-15.1,-1.32,0.14,-137,124.7071872
-9.74,0.28,-7.6,-0.67,0.16,-136.5,121.9887744
-9.61,0.23,-13,0.14,0.17,-136.8,120.0065984
-9.66,0.18,-11.4,-0.63,0.17,-137.4,118.3359072
-9.67,0.11,-13.4,-0.96,0.14,-136.6,116.8351168
-9.7,-0.01,-16.2,-0.7,0.13,-134.4,115.9289792
-9.6,-0.16,-25,-1.81,0.09,-133.4,115.3060096
-9.68,-0.27,-22.5,-2.76,0.06,-132.9,114.824624
-9.74,-0.37,-20,-1.65,0.05,-133.2,114.3715552
-9.81,-0.41,-18.7,-2.29,0.07,-131.7,113.9184864
-9.73,-0.39,-21.4,-2.15,0.08,-130.5,113.3804672
-9.77,-0.38,-21.3,-4,0.14,-129,112.8141312
-9.72,-0.38,-22.7,-3.49,0.12,-127.2,112.2477952
-9.71,-0.33,-22.2,-2.71,0.08,-128.4,111.5965088
-9.68,-0.24,-20.5,-3.62,0.19,-128.8,110.8319552
-9.65,-0.11,-20.4,-3.61,0.15,-127.7,110.1240352
-9.65,-0.1,-20.2,-4.2,0.05,-129.3,109.4161152
-9.59,-0.05,-21.4,-3.09,0.05,-131.9,108.6798784
-9.6,-0.03,-20.4,-3.4,0.05,-133.8,107.887008
-9.54,0.01,-21.7,-4.3,0.07,-135.6,107.1507712
-9.61,0.02,-19.8,-3.95,0.09,-136.7,106.471168
-9.64,0.02,-19.5,-3.15,0.11,-137.7,105.8765152
-9.71,0.09,-17.6,-3.56,0.11,-138.7,105.3668128
-9.69,0.09,-17.6,-4.49,0.13,-139.2,104.8287936
-9.78,0.09,-16.2,-2.65,0.14,-140,104.4040416
-9.8,0.08,-16,-2.49,0.16,-141.1,103.8660224
-9.82,0.06,-16.8,-3.69,0.15,-140.6,103.0448352
-9.81,0.06,-17.8,-2.77,0.15,-140.4,101.9687968
-9.94,0.01,-16.8,-4.14,0.15,-139.4,100.6945408
-9.96,0.01,-17.8,-2.53,0.12,-138.1,99.250384
-10.03,0.01,-18.7,-2.94,0.11,-138.4,97.7779104
-10.07,0.01,-20.1,-3.41,0.09,-137.5,96.3337536
-10.05,0.02,-20.5,-3.51,0.09,-137.3,95.0878144
-10.06,0.06,-20.3,-3.06,0.11,-137,94.0684096
-10.06,0.13,-21.3,-3.99,0.23,-136,93.2189056
-9.94,0.22,-25.1,-2.68,0.24,-134.2,92.4260352
-9.96,0.33,-25.3,-2.56,0.27,-135,91.6331648
-9.93,0.42,-25.9,-3.15,0.3,-133.8,90.896928
-9.91,0.45,-24.5,-2.52,0.22,-134.8,90.2456416
-9.93,0.45,-23,-2.18,0.2,-136.3,89.764256
-9.88,0.43,-25.1,-2.52,0.12,-136.6,89.481088
-9.89,0.42,-25.2,-2.3,0.06,-136.5,89.3678208
-9.91,0.34,-22.1,-2.13,0.06,-137.7,89.3961376
-9.94,0.3,-20.1,-2.99,0.08,-139.8,89.5377216
-9.93,0.23,-20.5,-2.13,0.08,-140.5,89.7076224
-9.98,0.2,-19,-2.43,0.09,-141.4,89.90584
-10.02,0.2,-19.1,-1.61,0.09,-142.2,90.0191072
-10.05,0.24,-16.4,-2.78,0.11,-143.3,90.2173248
-10.07,0.26,-16.4,-2.46,0.13,-143.6,90.6420768
-10.1,0.29,-15.4,-1.96,0.13,-143.6,91.6614816
-10.15,0.32,-14.6,-1.58,0.15,-143.2,93.1056384
-10.17,0.33,-13.8,-1.98,0.15,-142,95.0311808
-10.14,0.32,-14.2,-2.99,0.15,-140.8,97.4381088
-10.16,0.28,-14,-2.16,0.16,-142.1,100.1565216
-10.21,0.25,-13.8,-2.14,0.14,-142,102.6484
-10.22,0.19,-13.6,-2.08,0.12,-128,104.8571104
-10.21,0.16,-14.8,-2.61,0.11,-134,106.4994848
-10.28,0.15,-13.9,-1.67,0.1,-137.2,108.31176
-10.45,0.12,-11.3,-2.49,0.09,-138.4,111.6248256
-10.64,0.08,-8.3,-1.13,0.07,-138.4,115.3343264
-10.72,-0.04,-7.9,-1.94,0.05,-137.7,119.3269952
-10.93,-0.08,-1.9,-1.25,0.04,-137.7,122.3002592
-10.81,-0.11,-5.9,-1.63,0.02,-136.4,123.17808
-10.82,-0.16,-6.1,-1.6,0.01,-136,125.3301568
-10.82,-0.2,-5.7,-1.28,0,-134.7,126.1230272
-10.68,-0.24,-10.1,-1.69,0,-134.2,125.8964928
-10.56,-0.25,-11.7,-2.36,0.01,-132.9,125.5000576
-10.49,-0.22,-11.6,-1.6,0,-133.5,124.5089696
-10.45,-0.23,-16,-2.06,0.01,-133.6,123.9426336
-10.38,-0.16,-16.7,-2.22,0.03,-135.8,125.6416416
-10.4,-0.1,-17.5,-2.4,0.06,-137.7,125.8398592
-10.24,0.01,-20.8,-2.63,0.07,-136.4,126.434512
-10.29,0.06,-20.4,-3.46,0.09,-137.1,127.2556992
-10.41,0.15,-15.8,-3.42,0.13,-138.7,128.4450048
-10.4,0.17,-15.7,-3.08,0.15,-139.8,129.3511424
-10.44,0.17,-16,-3.72,0.15,-140.1,130.2006464
-10.51,0.17,-16.1,-3.36,0.16,-140.2,130.5121312
-10.71,0.16,-14.5,-5.18,0.13,-139.7,131.7014368
-10.69,0.1,-16.7,-4.88,0.12,-139.1,133.2022272
-10.81,0.06,-15,-5.33,0.08,-138,134.4481664
-10.79,0.01,-15.8,-5.2,0.06,-138.7,135.495888
-10.81,-0.04,-15.3,-4.96,0.13,-137.1,137.194896
-10.76,-0.02,-14.2,-4.23,0.12,-136.2,139.2620224
-10.66,-0.07,-15.3,-4.92,0.1,-136,141.6123168
-10.54,-0.01,-15.3,-5.88,0.18,-132.2,144.1608288
-10.37,-0.04,-13.1,-5.32,0.25,-132.5,146.822608
-10.3,0.09,-10.6,-3.44,0.33,-131.1,149.6826048
-10.06,0.12,-14,-4.21,0.18,-131.6,152.3727008
-10.03,0.1,-14.4,-3.67,0.12,-133.4,154.3831936
-9.96,0.07,-17.3,-3.36,0.11,-135.6,157.3281408
-9.97,0.09,-20.1,-4.02,0.11,-137.1,158.9421984
-9.99,0.06,-22.4,-3.1,0.11,-139.3,159.0554656
-10.05,0.09,-23.8,-2.8,0.11,-140.4,158.1776448
-10.13,0.04,-25.8,-4.3,0.11,-141.3,156.9883392
-10.2,0.06,-28.1,-2.71,0.11,-141.5,156.2804192
-10.23,0.04,-30.3,-3.6,0.09,-141.5,156.308736
-10.35,0.05,-30,-3.84,0.08,-141.3,157.15824
-10.41,0,-30.6,-4.96,0.06,-140.5,158.7722976
-10.54,0,-28.7,-2.89,0.05,-139.3,161.0942752
-10.7,-0.02,-26.5,-2.11,0.03,-139,164.095856
-10.79,-0.03,-25.5,-4.27,0.02,-137.4,167.0974368
-10.85,-0.07,-23.4,-3.73,0.02,-137.8,169.8441664
-10.82,-0.12,-23.8,-3.06,0.03,-136.8,172.3360448
-10.81,-0.15,-21.8,-3.2,0.03,-136.9,174.431488
-10.72,-0.17,-22.1,-2.86,0.05,-137.7,175.9039616
-10.66,-0.15,-21.1,-2.48,0.06,-136.8,176.696832
-10.61,-0.1,-20.3,-3.56,0.08,-138,177.0649504
-10.49,-0.04,-20.7,-1.48,0.1,-138.2,177.1499008
-10.43,0.04,-20.5,-2.36,0.13,-137.1,176.98
-10.39,0.1,-20.4,-1.74,0.14,-135.4,176.6401984
-10.45,0.22,-17.9,-5.11,0.18,-134.6,171.4865408
-10.49,0.21,-19.5,-2.22,0.16,-131.3,172.0811936
-10.56,0.18,-19.3,-1.79,0.12,-130.1,171.3449568
-10.67,0.11,-17.3,-2.59,0.08,-129.4,169.1079296
-10.69,0.03,-17.3,-2.5,0.07,-130.6,166.3045664
-10.69,-0.06,-17.3,-1.88,0.01,-129.7,163.5012032
-10.65,-0.18,-16.3,-2.45,-0.02,-129.9,160.8111072
-10.61,-0.27,-15.2,-2.88,-0.05,-128.3,158.4041792
-10.41,-0.37,-16.8,-1.54,-0.04,-129.5,157.016656
-10.32,-0.38,-16.2,-3.13,-0.04,-130.5,155.9123008
-10.19,-0.35,-16.8,-1.45,-0.03,-129.7,154.7229952
-10.15,-0.31,-17.5,-0.78,-0.02,-130,153.5053728
-10.06,-0.24,-20.7,-1.56,0.01,-129,152.2594336
-10.1,-0.14,-19.4,-1.91,0.03,-127.9,150.9002272
-10.17,-0.04,-19.3,-2.16,0.05,-126.9,149.3994368
-10.3,0.02,-18.9,-1.6,0.06,-126.5,147.5871616
-10.3,0.11,-23.5,-1.68,0.07,-126.7,144.8687488
-10.43,0.13,-25.7,-1.43,0.06,-126,141.6123168
-10.55,0.18,-28,0,0.07,-126.1,137.7895488
-10.61,0.21,-31.5,0.3,0.09,-129,134.0234144
-10.68,0.2,-33.9,-1.19,0.08,-128.3,130.1723296
-10.89,0.23,-31.1,-0.1,0.09,-129.1,126.9158976
-10.95,0.19,-32.6,-0.47,0.08,-129.1,127.6804512
-11.11,0.18,-30.2,0.03,0.08,-127.1,129.974112
-11.23,0.13,-27.4,0.02,0.07,-121,130.7669824
-11.38,0.1,-25.1,-0.36,0.07,-123,134.3348992
-11.35,-0.01,-25.7,-3.16,0.04,-123,137.8178656
-11.44,-0.01,-18.6,-3.81,0.02,-122.5,140.6495456
-11.53,-0.06,-15.2,-3.6,0,-123.8,143.7927104
-11.53,-0.11,-12.4,-2.34,-0.01,-124.3,147.8986464
-11.47,-0.16,-13.5,-5.31,-0.02,-126.8,154.5530944
-11.43,-0.15,-12.1,-3.79,-0.02,-127.4,162.7083328
-11.29,-0.21,-14.6,-7.04,-0.02,-127.6,173.6386176
-11.19,-0.18,-14.4,-5.44,-0.01,-128.3,187.6554336
-11.17,-0.12,-10.5,-1.77,-0.02,-127.6,206.71264
-11,-0.23,-15.9,-7.92,-0.01,-128,228.233408
-10.79,-0.36,-20.4,-9.17,0,-128.2,248.7347712
-10.67,-0.38,-22.1,-3.45,-0.03,-126.2,272.0678144
-10.7,-0.38,-21.7,-2.96,-0.05,-126.1,289.0578944
-10.64,-0.33,-22.3,0.04,-0.08,-124.3,304.0374816
-10.61,-0.31,-22.4,-2.62,-0.08,-120.5,316.9782592
-10.58,-0.28,-23.8,0.04,-0.06,-117.2,328.1633952
-10.57,-0.27,-23,-1.98,-0.03,-114.4,339.1503136
-10.56,-0.23,-22.6,-1.56,-0.02,-107.8,346.5693152
-10.52,-0.19,-22.4,0.37,-0.02,-103.9,353.2803968
-10.48,-0.16,-22.8,0.72,0.01,-102.4,358.4623712
-10.45,-0.12,-22.6,-3.42,0.03,-100.9,362.5399904
-10.48,-0.08,-23,0.97,0.06,-101.6,366.8724608
-10.47,-0.03,-20.8,-4.57,0.11,-100.3,366.8724608
-10.4,-0.01,-21.1,-0.98,0.07,-102.4,369.0811712
-10.46,-0.05,-20,-6.44,0.03,-103,370.95008
-10.47,-0.04,-21.1,-0.38,0.01,-108.4,373.8950272
-10.49,-0.09,-21.2,7.83,-0.01,-110.4,379.6716544
-10.43,-0.15,-21.3,3.02,-0.01,-115,388.4781792
-10.34,-0.18,-20.1,7.13,-0.01,-121,404.2789536
-10.19,-0.21,-19.9,7.73,-0.02,-123.7,424.9502176
-10.03,-0.19,-20.6,9.35,-0.01,-125.9,444.8852448
-9.9,-0.19,-19.7,7.76,0,-127.9,460.431168
-9.81,-0.18,-18.2,-0.36,0,-129,467.793536
-9.8,-0.17,-19,0.92,0,-129.3,466.4343296
-9.83,-0.16,-19.1,-4.49,0.01,-128.7,456.749984
-9.88,-0.13,-18.7,2.53,0.01,-128.6,442.3367328
-9.85,-0.12,-18.9,0.02,0.01,-129.5,430.840112
-9.74,-0.12,-20.2,3.27,0,-128.3,421.0991328
-9.61,-0.13,-19.1,-0.8,0.01,-128.5,411.2732032
-9.56,-0.11,-17.2,-14.15,0.02,-130.2,400.4278688
-9.5,-0.09,-15.9,-14.88,0,-128.9,388.8746144
-9.43,-0.08,-17.4,-4.36,0.01,-131,376.755024
-9.49,0.01,-16.7,-12.44,0.02,-135.8,323.7176576
-9.47,0.04,-17.3,-20.67,0.06,-137.8,309.219456
-9.55,0.09,-16,18.71,0.06,-137.1,296.4202624
-9.53,0.12,-16.2,-1.69,0.06,-135.9,284.3573056
-9.52,0.14,-16.5,-1.85,0.06,-135.4,272.6624672
-9.53,0.13,-16.8,-14.1,0.03,-136.9,261.1092128
-9.51,0.09,-17.4,-19.69,0.01,-137.5,250.1506112
-9.55,0.02,-17.3,-10.59,0,-137.8,241.0609184
-9.6,-0.04,-17.9,-20.99,-0.02,-137.3,235.2559744
-9.61,-0.11,-17.9,-21.87,-0.04,-137.1,231.206672
-9.65,-0.14,-17.5,-5.72,-0.04,-138.5,228.1484576
-9.66,-0.15,-16.8,5.32,-0.04,-139.6,225.401728
-9.63,-0.15,-16,3.89,-0.04,-139.7,220.7011392
-9.62,-0.13,-16.3,8.85,-0.02,-140.8,214.641344
-9.52,-0.1,-16,7.39,-0.01,-139.7,209.6292704
-9.5,-0.07,-15.4,-3.58,-0.01,-137.5,204.022544
-9.47,-0.06,-16.1,13.08,0,-138,199.4352224
-9.43,-0.04,-15.9,-11.12,-0.01,-138.2,196.0655232
-9.4,-0.05,-16.8,-16.06,-0.01,-137.6,178.7356416
-9.39,-0.05,-16.5,-4.29,-0.01,-137.5,174.6013888
-9.38,-0.04,-15.6,-18.63,0.01,-138.5,171.9679264
-9.34,-0.05,-16.6,-8.46,-0.02,-137.6,169.9574336
-9.37,-0.04,-16,-3,-0.02,-137.8,163.812688
-9.34,-0.02,-16,-4.08,-0.01,-139,159.9616032
-9.3,-0.01,-17.2,-19.25,-0.01,-138.3,158.3475456
-9.29,0.03,-15.7,-9.03,0.01,-138.3,158.4608128
-9.28,0.05,-15.7,2.18,0.03,-140,159.0554656
-9.24,0.06,-15.7,-25.01,0.03,-140.6,165.4833792
-9.22,0.06,-15.3,-18.36,0.02,-141.6,168.7114944
-9.23,0.06,-16.4,-17.91,0.02,-140.5,176.7817824
-9.26,0.05,-16.7,-25.43,0.01,-139.2,187.2306816
-9.15,0.03,-16.1,-5.15,-0.01,-138.5,190.9684992
-9.09,0,-16.6,-14.98,0.01,-138.4,194.1399808
-9.2,0.02,-14,-5.86,0,-135.9,195.8673056
-9.12,0,-15.8,-7.25,0.01,-133.4,198.7273024
-9.1,0.01,-16.6,-3.96,-0.01,-132.2,199.8882912
-9.09,0.01,-15.6,-8.02,-0.02,-131.8,198.8405696
-9.01,0,-17.5,-8.39,-0.02,-131.1,199.7183904
-9.09,0,-16.3,-5.86,-0.02,-130,202.3801696
-9.01,-0.02,-18.2,-4.12,-0.03,-130.2,207.7603616
-9.05,-0.02,-17.2,-10.28,-0.02,-130.1,213.6785728
-9.19,-0.03,-16.3,50.61,-0.02,-130.6,221.8338112
-9.16,-0.04,-17.1,-1.04,-0.02,-130,236.3886464
-9.15,-0.03,-17.5,7.34,-0.03,-130.1,282.2901792
-9.11,-0.04,-19.1,2.84,-0.03,-129.4,351.9495072
-9.14,-0.04,-18.8,2.4,-0.03,-128.9,396.9165856
-9.13,-0.03,-19.1,-2.48,-0.03,-129.6,437.0981248
-9.13,-0.01,-18.9,-2.1,-0.02,-128.7,475.4673888
-9.03,-0.05,-21.8,3.93,-0.01,-127.9,510.5235872
-8.99,0.02,-20.8,-0.63,0,-126,540.9358304
-8.99,0.08,-18.1,-349.81,0.01,-123.3,570.4985696
-8.84,0.08,-18,-0.21,0,-121.7,615.748816
-8.75,0.09,-17.2,16.2,-0.02,-123.2,692.0342752
-8.72,0.08,-17.2,-86.07,-0.02,-124.3,751.3296544
-8.64,-0.04,-19.7,-38.4,-0.07,-124.7,726.7789888
-8.52,-0.1,-18.5,-219.5,-0.09,-123.8,738.5587776
-8.37,-0.15,-18.5,-248.7,-0.17,-89.6,752.4056928
-8.52,-0.08,-16.4,-89.8,-0.18,-97.8,765.0916192
-8.46,-0.15,-15.8,-53,-0.18,-103.6,771.6611168
-8.4,-0.13,-17.3,-235.4,-0.17,-108.4,768.9993376
-8.31,-0.1,-19.7,-274.8,-0.15,-84.1,756.8231136
-8.12,-0.11,-20.8,-321.2,-0.19,-44.2,737.65264
-7.93,-0.15,-19.3,-366.3,-0.21,-8.3,712.1108864
-7.69,-0.17,-18.6,-332.1,-0.22,-3.8,682.5481472
-7.52,-0.21,-14.2,-359.6,-0.19,2.3,581.5138048
-7.42,-0.2,-14.4,-356.6,-0.21,2.8,562.654816
-7.36,-0.19,-13.5,-367.8,-0.2,-8.9,546.3443392
-7.3,-0.17,-13,-346.2,-0.16,-22.9,531.64792
-7.26,-0.15,-13.1,-317.1,-0.16,-20.5,519.5849632
-7.27,-0.15,-13,-306.5,-0.15,-18,509.1643808
-7.24,-0.14,-13.6,-275.7,-0.17,-17.9,500.1030048
-7.26,-0.14,-13.7,-44.4,-0.19,-20.1,492.995488
-7.25,-0.11,-13.7,-262.8,-0.16,-27,487.190544
-7.26,-0.1,-14,-255.1,-0.15,-36.5,481.3572832
-7.26,-0.07,-13.6,-263.4,-0.13,-32.6,475.7788736
-7.23,-0.05,-13.5,-270.2,-0.13,-34.5,470.1438304
-7.26,-0.02,-12.2,-280,-0.13,-37.1,463.546016
-7.2,-0.02,-13.2,-274.3,-0.11,-47.9,457.457904
-7.21,-0.02,-13.7,-279.8,-0.1,-49.4,451.369792
-7.19,-0.02,-13.7,-261,-0.11,-49.4,444.7436608
-7.23,-0.03,-13.3,-271.2,-0.11,-49.3,437.0414912
-7.27,-0.05,-13.3,-256.9,-0.11,-53.2,428.6030848
-7.28,-0.06,-12.8,-266.2,-0.13,-44.1,420.221312
-7.35,-0.06,-13,-247.3,-0.12,-40.1,411.3864704
-7.28,-0.06,-13.2,-231.5,-0.13,-42.8,400.5128192
-7.34,-0.05,-13.3,-230.1,-0.17,-44.8,388.6197632
-7.34,-0.05,-13.5,-245.8,-0.16,-48.7,376.6700736
-7.27,-0.05,-14.1,-250.4,-0.25,-45.6,364.295632
-7.3,-0.05,-15,-265,-0.23,-46.9,351.8079232
-7.3,-0.05,-15,-246.9,-0.16,-53,339.518432
-7.27,-0.05,-15.6,-257.4,-0.12,-56.2,327.8802272
-7.31,-0.04,-14.8,-60.9,-0.12,-55.7,317.3746944
-7.28,-0.03,-15.4,-515,-0.12,-57.2,308.6814368
-7.25,-0.04,-15.3,-226.9,-0.09,-62,301.4889696
-7.34,-0.02,-16.1,-214.7,-0.09,-67.1,294.5796704
-7.34,-0.01,-15.7,-37,-0.12,-67.8,287.7270048
-7.33,-0.01,-16.4,-200.6,-0.12,-68.3,283.0830496
-7.33,0.01,-17.4,-207,-0.11,-69.7,279.6567168
-7.31,0.04,-16.9,-34.8,-0.08,-72.7,272.3509824
-7.34,0.05,-16.3,-26.5,-0.08,-74.6,265.1018816
-7.31,0.06,-16.8,-19.6,-0.09,-73,260.0331744
-7.31,0.07,-17,-21.3,-0.07,-75.6,255.1060512
-7.25,0.05,-17,-29.2,-0.09,-69,253.0672416
-7.28,0.02,-18.3,-36.6,-0.09,-70.7,252.72744
-7.33,-0.01,-18,-49.9,-0.08,-72.6,251.736352
-7.35,-0.03,-16.4,-43,-0.11,-72.9,251.0567488
-7.34,-0.02,-16.5,-44.7,-0.1,-72.2,215.1227296
-7.36,-0.04,-16.5,-46.5,-0.09,-74.9,215.8306496
-7.33,-0.06,-16.5,-43.8,-0.09,-75.8,216.765104
-7.38,-0.06,-15.9,-29,-0.1,-75,217.2181728
-7.41,-0.06,-15.9,-33.2,-0.1,-76.1,217.5296576
-7.39,-0.05,-16.2,-139.4,-0.09,-76.9,218.2092608
-7.41,-0.05,-15.5,-29.74,-0.09,-77.7,217.614608
-7.39,-0.04,-15.6,-33.04,-0.1,-78.8,216.7367872
-7.37,-0.03,-16.4,-29.42,-0.1,-79.2,216.3120352
-7.39,-0.03,-16.3,-28.91,-0.1,-79.4,215.9722336
-7.39,-0.02,-15.4,-36.31,-0.09,-82,214.8678784
-7.39,-0.01,-14.8,-14.78,-0.1,-82.1,214.0466912
-7.35,-0.01,-15.4,-18.88,-0.08,-82.5,214.2732256
-7.36,0,-14.8,-18.45,-0.06,-84.8,215.6607488
-7.37,0.03,-14.7,-21.95,-0.04,-84.5,215.3775808
-7.4,0.04,-15.3,-10.31,-0.04,-86.2,216.8217376
-7.38,0.05,-15.9,-17.62,-0.05,-87.1,219.9649024
-7.35,0.07,-15.3,-26.88,-0.06,-87.3,221.8338112
-7.39,0.08,-15.1,-19.72,-0.05,-87.6,217.33144
-7.46,0.07,-15.5,-18.54,-0.06,-87.3,212.9989696
-7.44,0.07,-14.7,-23.43,-0.04,-90.1,207.6754112
-7.46,0.06,-15.3,-22.12,-0.06,-90.6,200.766112
-7.45,0.05,-16.5,-23.08,-0.07,-89.9,193.8851296
-7.37,0.02,-17.2,-17.08,-0.1,-87.9,191.4498848
-7.37,-0.01,-17.5,-29.8,-0.11,-87.2,199.2653216
-7.33,-0.03,-17.1,-6.03,-0.11,-86.6,198.076016
-7.46,-0.02,-17.9,62.66,-0.12,-86.5,198.6706688
-7.6,0.02,-16.7,-12.37,-0.1,-87.6,206.71264
-7.53,0.01,-17.9,-62.22,-0.07,-87.5,210.0540224
-7.53,0.01,-18.1,-14.64,-0.08,-86.1,206.9391744
-7.47,0.01,-17.2,-16.77,-0.08,-87.3,203.3995744
-7.5,0,-17.6,-15.6,-0.06,-89,198.3875008
-7.43,-0.04,-19.1,-11.44,-0.06,-87.4,194.4797824
-7.37,-0.08,-20.4,-13.3,-0.1,-86.7,191.4782016
-7.41,-0.06,-18.9,-4.12,-0.11,-87.1,190.6853312
-7.42,-0.02,-18.4,-8.64,-0.1,-87,181.7372224
-7.42,-0.03,-18.4,-8.42,-0.09,-87.5,189.156224
-7.47,0.02,-18.6,-3.92,-0.09,-87.7,192.129488
-7.52,0.07,-17.4,-4.42,-0.06,-88.7,192.2144384
-7.53,0.09,-17.8,-11.07,-0.04,-90.2,195.102752
-7.55,0.13,-18.6,-9.26,-0.05,-88.9,199.9732416
-7.57,0.2,-18.8,21.82,0,-89.5,198.783936
-7.6,0.24,-19.5,-4.29,0.04,-87.9,202.3801696
-7.52,0.22,-19.4,-6.97,-0.02,-87.1,207.1940256
-7.58,0.21,-18.4,-18.18,-0.07,-81.2,212.5742176
-7.63,0.14,-19.7,-12.65,-0.14,-75.8,218.322528
-7.68,0.05,-19.5,-10.98,-0.12,-76.6,224.3256896
-7.69,-0.01,-19.1,162.65,-0.1,-78.5,230.215584
-7.67,-0.09,-18.7,22.22,-0.1,-78,236.4735968
-7.67,-0.13,-18.4,-9.91,-0.1,-79.4,243.0430944
-7.63,-0.13,-18.3,1296.62,-0.09,-78.1,249.1028896
-7.6,-0.13,-19,92.26,-0.1,-79.1,254.4547648
-7.52,-0.1,-19.3,70.02,-0.09,-78.6,258.9854528
-7.39,-0.11,-21.8,-11.6,-0.06,-78.7,265.8664352
-7.42,-0.09,-15.5,-6.52,-0.08,-76.4,276.2020672
-7.49,0.01,-18.4,-4.63,-0.06,-76.9,288.972944
-7.5,0,-19,70.77,-0.06,-76.7,288.8596768
-7.52,0.03,-17.5,24.06,-0.04,-78.2,287.8969056
-7.43,-0.02,-19.2,-2.92,-0.04,-79.6,287.132352
-7.47,-0.01,-17.3,-1.03,-0.06,-80.5,284.58384
-7.46,-0.02,-16.9,908.3,-0.05,-82.7,280.194736
-7.5,0,-13.4,7.17,-0.04,-84,273.7951392
-7.41,-0.01,-14.5,1.19,-0.04,-85.1,282.884832
-7.46,0.04,-12.5,2.59,-0.05,-86.2,299.1953088
-7.43,0.04,-12.8,18.11,-0.03,-90.1,314.2032128
-7.45,0.05,-12.9,27.34,0,-90.9,331.9012128
-7.4,0,-14.9,21.6,-0.03,-90.1,344.9552576
-7.33,-0.04,-17.6,20.01,-0.05,-89.9,364.012464
-7.21,-0.17,-20.7,12.69,-0.07,-88.4,378.1142304
-7.2,-0.22,-19.7,-2.17,-0.06,-88.8,392.6690656
-7.18,-0.27,-18.8,-7.9,-0.09,-89.7,409.8290464
-7.2,-0.26,-20.9,-32.9,-0.1,-85.7,427.8951648
-7.18,-0.29,-22,-70.5,-0.1,-86,449.6141504
-7.16,-0.31,-22.5,-115.4,-0.11,-83.4,470.1721472
-7.13,-0.31,-22,-120.3,-0.08,-88.3,490.5602432
-7.14,-0.26,-20,-127.3,-0.08,-90.2,508.1732928
-7.09,-0.28,-19.9,-92.4,-0.08,-90.4,521.73704
-7.12,-0.24,-19.5,-84.7,-0.08,-91.1,534.1114816
-7.12,-0.22,-19.1,-72.7,-0.08,-90.6,544.7869152
-7.15,-0.21,-19.2,-72,-0.07,-91.6,552.2908672
-7.16,-0.21,-20.3,-58.35,-0.05,-93.4,556.3684864
-7.18,-0.2,-20.2,-35.38,-0.04,-93.9,559.2568
-7.27,-0.18,-18.6,-24.49,-0.03,-94.2,560.389472
-7.3,-0.18,-18.6,-28.89,-0.03,-93.2,556.283536
-7.31,-0.16,-19.4,-102.1,-0.02,-92.4,548.8079008
-7.31,-0.12,-19.7,-38.2,-0.01,-92.9,539.8314752
-7.33,-0.07,-19.3,333,0,-93.1,530.656832
-7.39,-0.02,-18,244.7,0,-93.6,531.5346528
-7.43,0,-18.5,220.4,0.01,-93,541.3605824
-7.44,0.03,-18.4,-31.68,0.01,-93.6,585.5347904
-7.52,0.03,-18.5,4.1,-0.01,-93,597.1729952
-7.59,0.02,-18.3,-88.58,-0.01,-93.3,592.52904
-7.66,-0.01,-18,-21.49,-0.01,-93.3,585.5631072
-7.68,-0.05,-18.3,-7.53,-0.01,-92.7,577.7759872
-7.69,-0.07,-18.9,-5.14,-0.02,-91,562.0035296
-7.71,-0.09,-19.2,-12.04,-0.03,-90.6,531.7328704
-7.71,-0.12,-19.6,-6.25,-0.04,-89.3,507.57864
-7.67,-0.12,-21.3,-11.16,-0.05,-89.8,488.889552
-7.67,-0.12,-19.5,-17.98,-0.05,-90.1,473.2869952
-7.66,-0.1,-19.4,-6.93,-0.06,-90.6,461.3939392
-7.68,-0.09,-18.7,-13.12,-0.05,-90.4,453.3802848
-7.66,-0.09,-21.3,-14.66,-0.05,-89.8,448.3398944
-7.65,-0.09,-22.9,-25.81,-0.05,-88.9,445.5365312
-7.7,-0.1,-22.6,-21.07,-0.04,-87.9,444.6303936
-7.69,-0.1,-22.9,-20.93,-0.04,-87.5,444.57376
-7.7,-0.09,-21.2,-24.34,-0.05,-87.8,444.5454432
-7.71,-0.08,-18.9,-31.6,-0.05,-87.4,443.9791072
-7.72,-0.09,-19.2,-31.29,-0.06,-87.2,442.0535648
-7.7,-0.06,-19.3,-28.54,-0.04,-88.4,438.344064
-7.72,-0.04,-19.6,-21.08,-0.02,-89.6,432.822288
-7.71,-0.02,-20.6,-23.46,-0.02,-90.6,425.5165536
-7.7,0.02,-20.3,-14.56,0,-91.1,417.1630976
-7.75,0.09,-20.4,-11.43,0.11,-92.4,407.7902368
-7.79,0.16,-21.1,-14.11,0.11,-92.1,397.9359904
-7.86,0.23,-20.1,-4.4,0.07,-93.1,387.8552096
-7.88,0.24,-20.3,-8.66,0.02,-94.5,377.8027456
-7.87,0.24,-20.5,-16.57,-0.01,-95.7,367.8635488
-7.93,0.18,-19.6,-11.96,-0.01,-96,357.5562336
-7.95,0.1,-19.1,-18.74,-0.03,-95.8,346.6259488
-7.92,0.01,-18.2,-10.96,-0.05,-95.4,334.704576
-7.91,-0.05,-17.9,-12.1,-0.05,-95.2,320.970928
-7.88,-0.15,-17.5,-12.63,-0.07,-95.6,304.8020352
-7.93,-0.17,-18.1,-12.78,-0.07,-96.1,286.2545312
-7.91,-0.17,-19.3,6.8,-0.08,-96,266.036336
-7.92,-0.17,-20.3,-10.31,-0.08,-95,247.8003168
-8.02,-0.16,-19.7,-8.84,-0.05,-93.1,234.463104
-8.03,-0.11,-19.4,-10.13,-0.06,-91.8,219.3702496
-8.04,-0.08,-20.7,-6.34,-0.07,-90.8,207.5338272
-8.08,-0.06,-20.9,-7.98,-0.08,-89.7,201.5306656
-8.01,-0.03,-21.1,-10.1,-0.08,-89.7,194.7346336
-7.89,-0.01,-23.9,-7.99,-0.07,-90.3,190.2039456
-8.09,0.01,-19.9,-7.57,-0.07,-90.8,184.2574176
-8.01,0.04,-21,-6.96,-0.05,-91.5,180.2647488
-7.97,0.1,-24.3,-4.84,0.01,-92.1,176.6118816
-7.98,0.18,-24.4,-8.83,0.07,-92.5,171.599808
-8,0.27,-24.9,-6.36,0.04,-92.3,167.3239712
-8.08,0.37,-22.5,-5.83,0.02,-92.6,163.4445696
-8.06,0.42,-23.1,-6.32,0.02,-93.2,160.0182368
-7.99,0.44,-23.2,-6.79,0.01,-93.1,157.2148736
-7.98,0.46,-24.1,-7,0,-94.5,155.1194304
-8.03,0.42,-23,5.48,-0.02,-95.1,153.5903232
-8.03,0.4,-23.5,-35.59,-0.03,-95,152.4576512
-8.09,0.3,-25.6,-60.93,-0.01,-97.8,151.353296
-8.02,0.13,-26.6,-57.57,-0.03,-97.4,150.220624
-7.99,0.05,-25.9,-43.46,-0.05,-96.5,148.8331008
-7.94,-0.02,-27.1,-25.65,-0.06,-94.7,147.2756768
-8.1,-0.13,-23.5,-14.33,-0.07,-94.6,145.548352
-8.15,-0.22,-23.5,-1.08,-0.09,-94,143.4812256
-8.21,-0.24,-21.5,1.78,-0.08,-93.9,141.4140992
-8.23,-0.27,-21.7,-1.33,-0.09,-93.7,139.5735072
-8.21,-0.29,-22.8,-0.49,-0.09,-93.9,138.0160832
-8.18,-0.3,-24.6,1.04,-0.08,-94.5,136.5436096
-8.17,-0.31,-25.8,-1.99,-0.09,-94.7,135.0994528
-8.11,-0.28,-28,-3.35,-0.1,-93.5,133.8818304
-8.12,-0.26,-27.4,-3.86,-0.09,-92.7,133.0040096
-8.09,-0.25,-28.6,-5.53,-0.09,-91.2,132.2677728
-7.97,-0.21,-31.5,-3.05,-0.09,-93.5,132.239456
-8.01,-0.12,-31.2,-1.1,0,-92.5,135.354304
-7.95,0.01,-32,-2.41,0.13,-93.5,143.1980576
-7.85,0.09,-36.3,-3.19,0.16,-95.4,155.7707168
-7.96,0.19,-34.3,0.01,0.15,-95.3,171.9962432
-8.05,0.32,-31.5,1.15,0.14,-94.9,191.5065184
-8.02,0.37,-33.3,0.31,0.09,-93.6,211.809664
-8.04,0.39,-31.1,-2.83,0.01,-92.7,226.392816
-8.04,0.28,-28.5,3.03,-0.04,-91.1,235.7656768
-7.96,0.17,-30.6,-3.8,-0.06,-88.3,242.1369568
-7.99,0.13,-28.5,-4.57,-0.07,-86.1,247.8286336
-7.94,0.07,-23.9,-0.72,-0.08,-85.9,255.0494176
-7.83,-0.05,-19.6,-5.71,-0.08,-86.7,266.2345536
-7.71,-0.14,-20.8,-6.19,-0.09,-85.9,285.008592
-7.61,-0.16,-21.2,-7.7,-0.1,-85.5,312.2493536
-7.49,-0.16,-22.1,-1.22,-0.1,-85.4,345.0968416
-7.4,-0.14,-21.8,-7.57,-0.11,-84.7,379.0486848
-7.24,-0.13,-23.9,0.42,-0.11,-84.1,409.2627104
-7.23,-0.08,-22.9,-2.57,-0.1,-85.6,435.5973344
-7.23,-0.07,-20.9,-2.54,-0.1,-84.4,445.1117792
-7.15,-0.08,-20.6,-9.51,-0.1,-83.7,440.7226752
-7.11,-0.09,-18.1,-12.76,-0.11,-81.7,434.66288
-7.02,-0.12,-18.3,-9.87,-0.11,-83.8,425.4882368
-6.95,-0.12,-17.7,-8.77,-0.11,-86.2,413.5951808
-6.91,-0.08,-16.9,-11.44,-0.09,-86.9,399.8615328
-6.99,0.02,-15.8,-12.41,0,-87.1,383.8625408
-7.16,0.16,-19.3,-10.05,0.02,-89,315.0810336
-7.27,0.18,-19.2,-8.63,-0.03,-91.7,293.220464
-7.34,0.2,-19,-13.87,0.04,-92.7,276.3153344
-7.37,0.25,-18.1,-18.28,0,-92.5,263.4595072
-7.38,0.25,-17.3,-10.6,-0.02,-93.3,254.9644672
-7.35,0.2,-18.2,-11.66,-0.05,-92.8,248.1401184
-7.32,0.19,-18.3,-10.08,-0.06,-92.6,242.7316096
-7.32,0.11,-18.4,-13.16,-0.07,-92.2,239.2486432
-7.31,-0.01,-19.8,-10.1,-0.1,-91.1,233.5286496
-7.38,-0.11,-18.8,-12.23,-0.11,-91.3,224.835392
-7.34,-0.1,-19.3,-12.69,-0.11,-90.5,214.2449088
-7.36,-0.14,-19.3,-7.95,-0.12,-91.8,202.040368
-7.36,-0.15,-20.3,-6.76,-0.12,-92.3,188.9580064
-7.38,-0.14,-19.7,-9.7,-0.14,-91.4,181.1142528
-7.41,-0.11,-19.5,-7.12,-0.13,-91,180.6328672
-7.4,-0.1,-20.3,-7.3,-0.12,-91,185.7015744
-7.43,-0.1,-19.5,-7.11,-0.12,-91.2,166.5877344
-7.44,-0.09,-19.5,-5.73,-0.12,-92.4,175.280992
-7.43,-0.11,-20.4,-5.99,-0.11,-94.5,185.191872
-7.42,-0.1,-20.7,-9.01,-0.1,-95.4,186.2112768
-7.42,-0.12,-22.6,-5.23,-0.11,-97.6,185.7865248
-7.42,-0.12,-23.5,-6.05,-0.11,-99,186.18296
-7.42,-0.1,-22.7,-6.07,-0.11,-99.9,187.5988
-7.37,-0.1,-23.4,-27.46,-0.09,-102.3,190.147312
-7.34,-0.08,-23.3,-5.8,-0.09,-103.6,193.0639424
-7.37,-0.05,-22.2,595.51,-0.08,-101.7,195.8956224
-7.4,-0.04,-22.7,-4.35,-0.07,-102.1,198.6140352
-7.33,-0.03,-22.9,-4.52,-0.07,-103.6,201.3041312
-7.31,-0.03,-23,-3.82,-0.07,-107.1,204.3623456
-7.32,-0.03,-21.7,-3.16,-0.08,-108.7,207.7320448
-7.31,-0.03,-20.9,-5.19,-0.07,-107.1,211.526496
-7.29,-0.03,-20.7,-5.39,-0.09,-105.1,215.4625312
-7.29,-0.04,-20.7,-3.17,-0.1,-103.9,219.4268832
-7.31,-0.04,-20.2,-3.02,-0.1,-102.4,222.9948
-7.33,-0.06,-21.4,-5.08,-0.09,-102.9,225.543312
-7.24,-0.09,-24.8,-924.45,-0.1,-101.1,226.9874688
-7.26,-0.1,-24,-291.32,-0.1,-101.1,227.5821216
-7.31,-0.11,-23.2,-6.59,-0.11,-100.2,227.5821216
-7.34,-0.1,-20.9,-5.62,-0.1,-99.8,227.5821216
-7.33,-0.1,-20.5,-5.56,-0.1,-100.2,226.959152
-7.29,-0.12,-21.5,-5.25,-0.1,-100.6,226.251232
-7.28,-0.13,-20.6,-5.64,-0.1,-101,225.5716288
-7.27,-0.14,-20.9,-21.52,-0.09,-100.9,225.0619264
-7.22,-0.15,-21.7,-4.85,-0.1,-101,224.6088576
-7.18,-0.15,-22.8,-3.45,-0.11,-101.2,223.9292544
-7.19,-0.14,-22.4,-4.28,-0.1,-102.4,223.1080672
-7.17,-0.11,-22.3,-2.86,-0.08,-104.7,221.9753952
-7.16,-0.06,-22.1,-3.85,-0.02,-106.2,220.4179712
-7.11,0.06,-22.2,-3.9,0.06,-106.3,218.5207456
-7.11,0.19,-22.1,-3.27,0.03,-107.8,216.2554016
-7.12,0.25,-21.2,-2.29,-0.05,-109.4,214.216592
-7.1,0.33,-22.2,-3.65,0.02,-110.6,218.5490624
-7.13,0.35,-21.2,-3.78,-0.01,-110.2,218.1526272
-7.13,0.31,-21,-3.22,-0.03,-110,217.5579744
-7.17,0.3,-19.6,-0.15,0.15,-112.5,217.1615392
-7.16,0.24,-18.8,-0.59,-0.05,-113.5,216.6518368
-7.12,0.14,-19.6,-4.05,-0.09,-112.3,215.6041152
-7.09,0.06,-21.5,-3.72,-0.11,-110.7,211.4981792
-7.13,-0.01,-19,0.19,-0.11,-108.8,208.8364
-7.07,-0.14,-20.8,-6.58,-0.12,-108.5,206.1746208
-7.04,-0.17,-21.7,-3.16,-0.12,-107.3,203.4278912
-7.06,-0.16,-21.9,-4.95,-0.11,-106.1,200.5678944
-7.08,-0.14,-21,-4.59,-0.11,-105.4,197.4247296
-7.03,-0.16,-23.4,-2.89,-0.11,-105.1,198.1043328
-7.11,-0.17,-21.9,-4.53,-0.11,-105.3,195.669088
-7.11,-0.18,-22.9,-2.86,-0.11,-105.6,193.5170112
-7.12,-0.17,-22.4,-4.95,-0.1,-104.9,191.7613696
-7.13,-0.15,-21.7,-2.6,-0.11,-104.9,191.6197856
-7.04,-0.17,-25.6,-3.98,-0.11,-104.2,192.1011712
-7.03,-0.15,-24.8,-4.19,-0.11,-103.7,192.1011712
-7.02,-0.15,-25.5,-2.82,-0.1,-104.3,194.819584
-7.04,-0.13,-23.4,-4.88,-0.11,-104.7,201.4173984
-6.95,-0.15,-27.5,-5.61,-0.1,-105.6,215.9156
-6.99,-0.14,-26.3,-6.18,-0.1,-104.8,223.6460864
-7.02,-0.12,-24.5,-0.37,-0.09,-106,239.0787424
-7.05,-0.08,-22.9,-0.43,-0.09,-107.3,245.5632896
-7.11,-0.04,-22.8,2.08,-0.09,-107.7,250.9151648
-7.13,0.01,-22.1,3.63,-0.08,-109.1,255.4741696
-7.14,-0.01,-23.1,-17.96,-0.07,-108.3,256.7201088
-7.11,-0.03,-23.9,-0.09,-0.08,-106,260.4012928
-7.08,-0.09,-22.7,-5.1,-0.11,-102.9,260.797728
-7.07,-0.13,-24.3,-3.46,-0.13,-99.7,263.9975264
-7.03,-0.19,-26,-4.78,-0.15,-96.5,267.169008
-7.02,-0.19,-24.9,-18.11,-0.15,-93.9,272.4925664
-7.11,-0.17,-22.5,-4.16,-0.15,-93.3,274.7295936
-7.05,-0.17,-23.1,-3.49,-0.16,-93.3,277.2781056
-7.17,-0.13,-20.4,-5.9,-0.15,-93.3,278.7505792
-7.14,-0.13,-22.6,-6.14,-0.13,-94.1,280.8743392
-7.09,-0.11,-25,-3.85,-0.14,-94.5,291.5780896
-7.09,-0.1,-27.4,-18,-0.14,-95,313.891728
-7.11,-0.04,-27,-18.41,-0.13,-96.5,326.067952
-7.07,-0.02,-28.4,-18.38,-0.11,-97.9,334.4497248
-7.1,-0.01,-26.7,-19.65,-0.1,-97.2,343.2562496
-7.12,0,-27.5,-18.34,-0.12,-96.3,352.119408
-7,-0.03,-33.1,-0.51,-0.12,-96.2,357.7261344
-6.98,-0.02,-35.8,-20.77,-0.11,-95.5,357.0182144
-6.94,-0.03,-36.6,-19.62,-0.12,-95.4,360.897616
-7.01,0.03,-30.8,-6.27,-0.1,-96,366.560976
-7.03,-0.01,-33.7,-21.49,-0.11,-94.9,372.5358208
-7,0.01,-31.4,-22.04,-0.09,-96,378.6239328
-7.01,-0.01,-29.6,-22.24,-0.1,-94.6,385.1651136
-6.98,-0.04,-29.7,-5.81,-0.11,-93.2,391.9328288
-6.99,-0.04,-28.7,-24.35,-0.11,-94.2,398.4456928
-7.04,-0.07,-28.5,-5.09,-0.11,-92.4,404.3922208
-6.97,-0.12,-31.4,-26.23,-0.13,-91,409.9423136
-6.94,-0.16,-30,-4.51,-0.14,-90.7,415.265872
-6.9,-0.2,-28.6,-25.59,-0.14,-91.4,420.2779456
-6.86,-0.24,-29.2,-5.5,-0.15,-90.3,424.893584
-6.95,-0.23,-26.2,-22.09,-0.13,-91.1,429.1694208
-6.83,-0.28,-30.7,-0.43,-0.17,-89.6,432.7090208
-6.87,-0.28,-28.3,-25.08,-0.16,-91.2,434.8610976
-6.83,-0.34,-29.7,0.12,-0.17,-89.5,435.7672352
-6.94,-0.36,-25.5,-3.04,-0.18,-89.9,435.9088192
-6.91,-0.45,-24.3,-20.94,-0.18,-92.1,435.937136
-6.85,-0.49,-27.1,-1.15,-0.19,-89.3,436.07872
-6.89,-0.53,-26.2,-2.95,-0.2,-87.2,436.7016896
-6.97,-0.49,-25.3,-18.06,-0.19,-86.8,437.3246592
-6.92,-0.48,-27.1,-1.86,-0.2,-79.5,437.0414912
-7.03,-0.4,-23.8,-3.43,-0.18,-87.1,435.3424832
-7.05,-0.29,-24.3,-2.37,-0.16,-90.1,432.1993184
-7.08,-0.19,-23.8,-1.98,-0.13,-91.7,427.9234816
-7.11,-0.08,-25.8,-3.05,-0.12,-93.1,422.769824
-7.16,0.02,-24.7,-2.04,-0.09,-94,416.9365632
-7.19,0.09,-24,-18.08,-0.01,-94.5,410.6785504
-7.2,0.17,-24.5,-2.55,0.02,-93.5,404.3072704
-7.31,0.23,-21.8,-4.41,-0.04,-94.6,398.1908416
-7.31,0.22,-22.4,-5.44,-0.08,-94.2,392.612432
-7.34,0.18,-21.5,-8.27,-0.11,-94,387.9118432
-7.37,0.13,-20.2,-21.59,-0.13,-93.1,384.2872928
-7.4,0.07,-20.2,-5.54,-0.13,-92.9,381.7387808
-7.37,-0.05,-20.4,-7.99,-0.14,-92.4,380.2096736
-7.36,-0.16,-21.7,-4.36,-0.14,-91.5,379.1902688
-7.39,-0.22,-23.1,-2.9,-0.16,-90.2,378.02928
-7.41,-0.27,-24,-17.85,-0.17,-89.4,376.188688
-7.42,-0.29,-24.7,-17.86,-0.18,-88.1,373.7534432
-7.43,-0.29,-23.6,-16.97,-0.18,-87.6,370.8651296
-7.44,-0.33,-23.2,-1.14,-0.19,-86.7,367.693648
-7.49,-0.32,-21.9,-16.65,-0.19,-86.8,364.3522656
-7.56,-0.27,-21.6,-2.07,-0.17,-88,361.0675168
-7.63,-0.17,-20.2,-2.82,-0.15,-89.9,358.0093024
-7.68,-0.06,-16.8,-2.85,-0.12,-91.7,355.37584
-7.71,0.01,-14.9,-1.84,-0.11,-92.6,353.3370304
-7.64,0.05,-16.5,-19.74,-0.1,-93.1,351.7796064
-7.69,0.09,-14.1,-1.09,-0.04,-94.3,350.3354496
-7.67,0.16,-13.5,-3.86,0.05,-95.1,348.438224
-7.68,0.27,-13.1,-0.91,0.08,-96.4,345.889712
-7.61,0.42,-15,-1.58,0.08,-97.2,342.63328
-7.58,0.55,-16.2,-0.84,0.08,-97.7,338.668928
-7.53,0.65,-17.7,-2.62,0.02,-97,334.0249728
-7.55,0.72,-17.1,-1.3,-0.04,-97.3,329.041216
-7.56,0.71,-15.8,-2.45,-0.06,-97.5,324.0574592
-7.55,0.63,-15.7,-2.61,-0.05,-96.8,319.1586528
-7.54,0.54,-15,-16.29,-0.06,-94.7,314.4297472
-7.48,0.41,-15.6,-5.11,-0.07,-93.1,309.785792
-7.5,0.29,-13.6,-16.8,-0.07,-92.9,305.2267872
-7.46,0.15,-14.1,-19.59,-0.08,-91.9,300.6960992
-7.41,0.05,-15.8,-19.23,-0.09,-90.4,296.052144
-7.34,-0.02,-18.3,-6,-0.11,-88.4,291.096704
-7.35,-0.03,-18,-18.61,-0.11,-88.9,286.0563136
-7.3,-0.03,-19.7,-2.83,-0.11,-87.9,281.1008736
-7.32,-0.04,-19.6,-2.84,-0.12,-88.4,276.1454336
-7.3,-0.02,-20.9,-4.59,-0.11,-88.7,271.2466272
-7.29,-0.02,-21,-18.2,-0.12,-88.1,266.602672
-7.27,0,-22.2,-18.1,-0.11,-87.6,262.5533696
-7.3,0,-22.5,-5.36,-0.13,-87.8,258.8721856
-7.32,-0.01,-23,-4.43,-0.12,-87.8,255.2193184
-7.33,-0.02,-22.4,-19.22,-0.11,-88.7,251.4815008
-7.37,-0.02,-22.2,-5.17,-0.12,-89.1,247.6020992
-7.42,0.01,-20.7,-4.47,-0.1,-89.5,243.5811136
-7.43,0.07,-19.7,-4.43,-0.09,-90.3,239.4468608
-7.4,0.13,-20,-4.47,-0.07,-90.9,235.3409248
-7.39,0.16,-18.8,-5.63,-0.08,-91.2,231.4615232
-7.38,0.22,-19.6,-3.34,-0.08,-92.1,228.0635072
-7.36,0.25,-18.8,-4.61,-0.08,-93.1,225.260144
-7.36,0.25,-19.3,-4.97,-0.11,-92.8,222.7965824
-7.34,0.21,-20,-4.66,-0.09,-92.7,220.2480704
-7.38,0.2,-19.5,-3.83,-0.1,-92.4,217.3880736
-7.36,0.17,-18.2,-6.41,-0.11,-91,214.1033248
-7.38,0.13,-19.1,-18.18,-0.11,-91.5,210.25224
-7.37,0.11,-19,-5,-0.11,-93.4,205.9480864
-7.34,0.08,-19.7,-2.88,-0.11,-90.7,201.5872992
-7.34,0.07,-18.1,-4.33,-0.13,-88.5,197.4813632
-7.35,0.05,-18.1,-6.33,-0.14,-86.1,193.8851296
-7.37,0.06,-18.3,-2.81,-0.13,-87.5,191.1667168
-7.38,0.06,-19.8,-17.85,-0.12,-87.5,188.8164224
-7.38,0.06,-21.4,-4.05,-0.12,-87.8,186.8342464
-7.39,0.07,-22,-15.94,-0.11,-88,184.9370208
-7.36,0.09,-22.3,-5.19,-0.11,-87.7,183.1813792
-7.4,0.12,-21.3,-4.48,-0.09,-88.8,181.5956384
-7.35,0.13,-22.3,-4.3,-0.1,-89.2,183.6061312
-7.35,0.15,-21.4,-5.62,-0.08,-89.9,183.6910816
-7.34,0.16,-21.6,-5.3,-0.09,-91.4,184.4273184
-7.33,0.17,-21.4,-5.9,-0.07,-92.2,185.6449408
-7.35,0.18,-21.3,-5.37,-0.07,-92.8,184.2574176
-7.36,0.19,-20.3,-2.39,-0.06,-93.8,182.5867264
-7.35,0.19,-19.7,-4.43,-0.06,-96,180.5479168
-7.32,0.18,-19.8,-3.89,-0.07,-96.7,183.4362304
-7.33,0.18,-18.7,-4.16,-0.07,-96.4,184.2857344
-7.34,0.16,-18.2,-5.53,-0.08,-97.2,185.8148416
-7.36,0.14,-18.2,-3.44,-0.08,-95.6,186.5793952
-7.29,0.11,-20.2,-3.57,-0.1,-94.3,187.4005824
-7.26,0.05,-20.1,-3.55,-0.11,-95.9,187.5138496
-7.36,-0.02,-20.7,11.65,-0.12,-108,185.6732576
-7.24,-0.1,-24.2,-15.76,-0.12,-106.8,184.3990016
-7.2,-0.18,-25.8,-16.79,-0.12,-101.1,182.926528
-7.25,-0.24,-22,-0.53,-0.13,-99.7,182.1619744
-7.17,-0.33,-27.3,-1.86,-0.13,-98.1,181.5390048
-7.13,-0.37,-28,-3.91,-0.16,-95.8,181.0009856
-7.08,-0.43,-29.4,-6.65,-0.18,-90.3,180.5762336
-7.07,-0.43,-28.2,-4.42,-0.17,-90.6,180.3496992
-7.09,-0.43,-26.8,-20.19,-0.17,-90.8,180.3213824
-7.07,-0.42,-26.6,-21.06,-0.17,-87.3,180.4629664
-7.12,-0.42,-26.1,-5.99,-0.17,-87.6,180.6895008
-7.16,-0.39,-26.2,-17.93,-0.16,-89.3,180.9160352
-7.17,-0.32,-25.9,-6.18,-0.15,-90.2,181.0293024
-7.22,-0.25,-26.4,-4.03,-0.14,-91.4,180.944352
-7.26,-0.16,-26.4,-5.28,-0.12,-92.2,180.5762336
-7.33,-0.03,-25.3,-6.92,-0.02,-93.7,180.0665312
-7.33,0.09,-25.5,-5.14,-0.01,-95.3,179.3302944
-7.39,0.16,-23,-6.53,0,-96.4,178.5091072
-7.44,0.25,-21.7,-6.27,0.02,-97.8,177.829504
-7.44,0.33,-22.1,-5.67,-0.02,-96.9,177.4330688
-7.5,0.35,-21.1,-5.73,-0.04,-97,177.3481184
-7.56,0.32,-19.4,-4.8,-0.07,-95.8,177.4330688
-7.6,0.27,-19.2,-5.3,-0.08,-95.2,177.5180192
-7.62,0.24,-17.8,-17.75,-0.1,-95.2,177.4613856
-7.65,0.15,-18.2,-18.33,-0.11,-92.8,177.0649504
-7.63,0.03,-18.1,-17.11,-0.11,-91.1,176.3853472
-7.64,-0.05,-17.5,-19.79,-0.13,-89.4,175.3093088
-7.64,-0.08,-18.1,-17.37,-0.14,-88.9,173.9217856
-7.6,-0.1,-18.5,-18.71,-0.13,-89.4,172.3643616
-7.58,-0.09,-21.1,-17.83,-0.13,-89.5,170.8635712
-7.63,-0.1,-21.4,-4.84,-0.13,-90.3,169.5326816
-7.65,-0.07,-21.4,-7.53,-0.13,-89.9,168.3716928
-7.68,-0.07,-21.6,-4.5,-0.13,-90.1,167.4372384
-7.75,-0.08,-21.7,-4.18,-0.13,-89.8,166.7010016
-7.76,-0.07,-22.2,-14.9,-0.13,-90,165.8798144
-7.8,-0.09,-21.9,-15.11,-0.12,-90,164.803776
-7.81,-0.03,-22.4,-15.53,-0.12,-90.7,163.3596192
-7.88,0.08,-22.2,-5.06,-0.02,-92.4,161.688928
-7.92,0.23,-22.2,-13.52,0.12,-93.9,159.706752
-7.94,0.35,-22.6,-14.71,0.16,-96.4,157.4980416
-7.97,0.49,-21.3,-1.63,0.17,-98.3,155.2610144
-7.98,0.59,-20.7,-2.48,0.17,-100.2,152.9956704
-8.03,0.64,-19.8,-1.96,0.09,-99.9,150.9851776
-8.07,0.62,-18.7,-13.77,-0.02,-99.9,149.087952
-8.09,0.56,-18.3,-2.6,-0.05,-98.8,147.5022112
-8.13,0.43,-17.4,-3.97,-0.07,-96.4,146.114688
-8.14,0.32,-16.6,-3.08,-0.08,-94.2,144.7837984
-8.16,0.23,-17,-3.62,-0.08,-92.6,143.566176
-8.13,0.14,-17.6,-14.78,-0.08,-92,142.3768704
-8.14,0.09,-17.2,-13.78,-0.07,-91.2,141.2441984
-8.13,0.06,-16.1,-4.19,-0.09,-89.8,140.2247936
-8.12,0.03,-17.4,-13.69,-0.08,-89.8,139.3469728
-8.15,0.03,-17.5,-13.34,-0.08,-89.6,138.6673696
-8.12,0.02,-18.9,-12.15,-0.08,-89.9,138.2143008
-8.11,-0.01,-20.5,-11.51,-0.09,-90.6,137.9311328
-8.14,-0.01,-21.4,-12.82,-0.07,-90.3,137.6762816
-8.18,-0.03,-21.6,-12.68,-0.09,-88.9,137.2798464
-8.22,-0.03,-20.7,-12.31,-0.08,-89.7,136.7418272
-8.22,-0.01,-21.9,-2.58,-0.09,-89.6,136.062224
-8.22,0,-22.5,-2.58,-0.08,-89.1,135.2976704
-8.19,0.09,-23.8,-3.33,-0.08,-90.2,134.4481664
-8.21,0.21,-24.3,-2.94,0.01,-91.1,133.4570784
-8.2,0.35,-25,-12,0.16,-92.9,132.0695552
-8.21,0.49,-24.6,-3.1,0.19,-94.5,129.9174784
-8.25,0.64,-24.1,-3.56,0.19,-95.6,127.3123328
-8.29,0.73,-23.9,-13.4,0.19,-96.2,124.9054048
-8.34,0.76,-22.2,-3.74,0.1,-96,123.0648128
-8.37,0.71,-21.7,-3.39,-0.03,-94.4,121.7905568
-8.36,0.66,-22,-1.06,-0.07,-96,121.7339232
-8.42,0.53,-21.2,-11.83,-0.09,-93.7,122.9515456
-8.37,0.41,-21.8,-3.03,-0.1,-91.8,124.4806528
-8.39,0.3,-21.2,-1.3,-0.09,-91.8,124.735504
-8.41,0.21,-20.4,-12.56,-0.09,-90.7,124.0842176
-8.37,0.14,-22,-12.06,-0.09,-89.8,123.319664
-8.37,0.07,-23.6,-3,-0.1,-90,122.3852096
-8.36,0.03,-23.3,-3.96,-0.09,-90.2,120.8561024
-8.4,0.03,-19.9,-4.54,-0.08,-90.5,118.9588768
-8.43,0.01,-19.8,-7.16,-0.08,-91,117.1182848
-8.4,-0.02,-21.5,-3.04,-0.08,-91.1,115.3060096
-8.42,-0.06,-22.5,-5.86,-0.08,-90.8,113.6070016
-8.41,-0.1,-24.1,-3.85,-0.09,-90.6,112.3327456
-8.43,-0.13,-24,-4.95,-0.09,-89.9,111.3416576
-8.38,-0.15,-24.1,-3.59,-0.09,-89.6,110.5204704
-8.42,-0.11,-23,-2.76,-0.1,-89.6,109.8125504
-8.42,-0.06,-23,-11.74,-0.08,-91,109.1329472
-8.44,0.04,-23.4,-3.44,-0.02,-92.9,108.31176
-8.42,0.18,-23.9,-2.79,0.09,-95.8,107.2357216
-8.42,0.29,-24.3,-4.11,0.1,-97.6,106.046416
-8.43,0.4,-24.3,-3.1,0.12,-98.9,104.8004768
-8.46,0.51,-24.2,-2.44,0.14,-100.4,103.8093888
-8.46,0.55,-22.9,-11.48,0.07,-99.9,103.073152
-8.51,0.54,-22.2,-5.54,-0.02,-99.4,102.5634496
-8.54,0.46,-19.8,-3.97,-0.06,-98.2,102.223648
-8.51,0.36,-20.5,-11.11,-0.07,-97.3,101.8838464
-8.56,0.27,-20.9,-11.5,-0.1,-96.1,101.4590944
-8.55,0.16,-21.7,-4.78,-0.11,-94.8,100.7794912
-8.56,0.11,-20.9,-11.8,-0.1,-94.1,99.9299872
-8.52,0.02,-21.5,-4.36,-0.11,-92.7,98.9388992
-8.52,-0.03,-22.1,-3.49,-0.12,-92.1,97.976128
-8.52,-0.05,-21.1,-11.45,-0.12,-91.8,97.0416736
-8.48,-0.07,-22.4,-5.2,-0.11,-91.9,96.2488032
-8.47,-0.05,-21.6,-4.2,-0.11,-92.3,95.5692
-8.44,-0.03,-24.1,-3.86,-0.1,-93,95.0311808
-8.45,-0.02,-24.3,-3.85,-0.09,-93.9,94.5497952
-8.44,0,-24.4,-2.96,-0.09,-96.2,94.1816768
-8.49,0.02,-24,-3.2,-0.09,-96.8,93.870192
-8.44,0.03,-25.6,-3.78,-0.08,-97.6,93.6719744
-8.5,0.04,-24.4,-10.91,-0.08,-97.5,93.5303904
-8.51,0.05,-23.8,-3.7,-0.08,-97.9,93.8418752
-8.5,0.09,-24.4,-3.84,-0.08,-98.5,93.9834592
-8.46,0.12,-26,-3.96,-0.07,-99.3,93.7002912
-8.45,0.15,-27.3,-3.25,-0.07,-99.9,93.2755392
-8.49,0.22,-26.9,-3.81,-0.06,-100.7,92.4826688
-8.5,0.36,-28,-3.68,0.03,-102.4,91.3499968
-8.47,0.45,-29.3,-3.35,0.1,-103.8,90.1040576
-8.53,0.56,-28.4,-3.92,0.05,-104.5,88.9997024
-8.5,0.52,-31.1,-4.67,0.01,-104.5,88.0935648
-8.53,0.43,-28.2,-4.17,-0.03,-103.2,87.2723776
-8.53,0.38,-28.1,-3.85,-0.05,-102.3,87.215744
-8.6,0.33,-28.6,-2.99,-0.09,-100.1,86.8759424
-8.63,0.28,-28.1,-2.52,-0.09,-98.9,86.3379232
-8.6,0.22,-30.8,-4.03,-0.12,-97.2,85.799904
-8.69,0.15,-30.7,-3.28,-0.13,-93.6,85.4601024
-8.71,0.09,-33,-3.83,-0.15,-92.4,85.2618848
-8.69,0.07,-30.6,-3.58,-0.15,-93.5,85.2902016
-8.63,0.04,-31.6,-2.97,-0.14,-95.7,84.384064
-8.64,0.01,-34.1,-2.44,-0.13,-100.2,84.4123808
-8.64,0.02,-29.9,-2.64,-0.13,-101.5,84.6105984
-8.65,0.02,-31.1,-2.57,-0.12,-102.7,84.8654496
-8.64,0.03,-30.5,-2.38,-0.11,-103.5,85.2618848
-8.63,0.05,-30,-3.21,-0.11,-104.9,85.65832
-8.63,0.06,-29.2,-3.01,-0.1,-105.9,85.6866368
-8.64,0.06,-28,-2.32,-0.09,-103.6,86.1113888
-8.63,0.05,-29.5,-2.61,-0.08,-104.3,86.5644576
-8.6,0.05,-28.9,-2.81,-0.06,-105.6,86.790992
-8.58,0.03,-28.8,-2.69,-0.05,-105.8,85.8282208
-8.61,0.06,-26.9,-2.81,-0.01,-106.9,85.65832
-8.62,0.04,-26.7,-0.36,-0.05,-107.5,85.0636672
-8.63,0.01,-24.3,-1.64,-0.06,-106.9,84.24248
-8.62,0.05,-23.9,-1.75,-0.04,-106.7,84.24248
-8.62,0.04,-22.7,-1.26,-0.08,-106.6,83.9026784
-8.6,0.01,-23.4,-2.09,-0.08,-107.6,83.4496096
-8.56,0,-24.9,-2.15,-0.11,-106.6,83.2797088
-8.62,-0.08,-22.4,-2.13,-0.11,-108.3,82.6567392
-8.59,-0.09,-22.7,-2.22,-0.11,-109.6,82.0054528
-8.59,-0.09,-21.6,-2.1,-0.1,-111.1,81.835552
-8.61,-0.09,-21.6,-3.08,-0.11,-111.8,81.2125824
-8.69,-0.09,-20.9,-3.27,-0.13,-107,80.6745632
-8.77,-0.08,-20.9,-2.36,-0.14,-104.2,80.136544
-8.78,-0.07,-21.5,-3.14,-0.14,-101.9,79.7684256
-8.73,-0.08,-22,-2.52,-0.14,-100.8,79.4852576
-8.78,-0.08,-21.5,-2,-0.14,-101.3,79.2304064
-8.75,-0.05,-22.9,-2.43,-0.14,-99.1,78.862288
-8.78,-0.01,-20.8,-2.36,-0.13,-98.7,78.5508032
-8.73,-0.01,-22.4,-2.11,-0.12,-102.4,78.3242688
-8.69,0,-23.3,-3.08,-0.1,-106.4,78.154368
-8.71,0.02,-22.4,-2.36,-0.08,-108.6,78.0411008
-8.72,0.09,-23.3,-1.92,-0.05,-109.1,77.9561504
-8.71,0.1,-24.3,-4.07,-0.03,-110.1,78.0694176
-8.76,0.18,-22.7,-2.87,0.02,-113.8,78.012784
-8.78,0.23,-20.9,-2.56,0.04,-115.2,77.8995168
-8.79,0.24,-22.8,-4.34,0.03,-114.7,78.3242688
-8.74,0.23,-23.1,-3.55,0.02,-112,78.2676352
-8.78,0.21,-21.8,-1.05,0,-113,78.1826848
-8.83,0.16,-20.4,2.08,-0.05,-114.6,78.0977344
-8.74,0.08,-22.8,1.46,-0.06,-118.8,77.9278336
-8.73,-0.02,-22.6,0.49,-0.07,-119.6,77.8428832
-8.7,-0.12,-21.8,0.51,-0.1,-119.4,77.6729824
-8.72,-0.17,-20.9,-0.27,-0.09,-119.9,77.1066464
-8.77,-0.24,-17,-1.26,-0.11,-117.9,76.7668448
-8.76,-0.22,-18.2,-1.58,-0.11,-114.5,76.313776
-8.79,-0.25,-19.9,-1.46,-0.14,-110.1,75.6624896
-8.78,-0.27,-21.3,-3.18,-0.14,-106.9,74.9262528
-8.88,-0.26,-16.3,-3.22,-0.16,-101.2,74.0767488
-8.85,-0.24,-19.8,-2.76,-0.17,-100.3,73.057344
-8.88,-0.25,-18.8,-2.35,-0.17,-99.3,71.8963552
-8.98,-0.24,-17.5,-2.17,-0.17,-97.8,70.650416
-8.94,-0.22,-18.5,-2.28,-0.17,-99.4,69.4894272
-8.94,-0.2,-18.6,-3.14,-0.17,-101,68.5832896
-9,-0.15,-14,-1.6,-0.16,-102.5,67.8753696
-8.92,-0.14,-18.7,-2.97,-0.13,-104.7,67.3090336
-8.95,-0.1,-17.9,-2.44,-0.1,-106.1,66.7993312
-8.94,-0.01,-19.4,-1.95,-0.03,-109.2,66.261312
-8.93,0.09,-21,-2.43,0.01,-110.9,65.7232928
-8.96,0.18,-18,-2.84,0.02,-111.9,65.1569568
-8.93,0.31,-18,-3.45,0.07,-116,64.5906208
-8.94,0.42,-15.2,-2.85,0.13,-118.7,64.1092352
-8.95,0.54,-16.5,-2.5,0.07,-119.9,63.7411168
-8.97,0.58,-16.6,-3.36,0.02,-121.3,63.5145824
-8.93,0.55,-18.5,-3.15,-0.01,-121.4,63.3729984
-9.01,0.54,-17.2,-2.65,-0.04,-121.2,63.2030976
-8.99,0.52,-18.7,-4.06,-0.04,-119.5,63.0615136
-9.04,0.47,-19.4,-3.39,-0.04,-118,62.9482464
-9.07,0.36,-19.1,-3.23,-0.06,-115.8,62.8066624
-9.06,0.36,-19.1,-3.43,-0.06,-114.4,62.580128
-9.1,0.34,-18.7,-3.1,-0.07,-113.2,62.2403264
-9.1,0.33,-18.1,-2.87,-0.07,-113.7,61.8155744
-9.1,0.3,-18.9,-3.63,-0.06,-113.8,61.4191392
-9.1,0.25,-17,-2.47,-0.08,-113.2,61.7023072
-9.04,0.18,-19.9,-3.6,-0.08,-113.1,62.0704256
-9.05,0.16,-17.8,-3.35,-0.09,-112.7,62.3819104
-9.05,0.1,-17.7,-2.06,-0.1,-111.9,62.2403264
-9.07,0.08,-17.1,-3.92,-0.12,-110.8,62.2686432
-9.07,0.03,-18.4,-2.34,-0.13,-109.5,62.0987424
-9.11,0.01,-17.3,-3.02,-0.13,-108.8,61.9854752
-9.01,-0.02,-19.8,-3.79,-0.13,-108.7,61.3341888
-9.01,-0.03,-20.3,-2.86,-0.13,-109.4,60.5696352
-9.06,-0.01,-19.4,-2.78,-0.11,-109.5,59.6634976
-9.01,0.01,-21.1,-2.55,-0.12,-110.1,58.9555776
-9.06,0.09,-20,-2.25,-0.09,-113.5,58.2193408
-9.06,0.12,-20.7,-2.97,-0.09,-116.1,57.7096384
-9.11,0.2,-19.4,-2.25,-0.06,-117.8,57.2282528
-9.09,0.24,-21,-2.08,-0.06,-120.2,57.058352
-9.14,0.24,-20.6,-2.23,-0.07,-123,57.0300352
-9.08,0.2,-22.8,-2.73,-0.07,-125.2,57.199936
-9.23,0.21,-19.6,-3.75,-0.08,-125.1,57.3698368
-9.17,0.21,-22.3,-3.04,-0.09,-125.2,57.5963712
-9.17,0.2,-22.5,-2.54,-0.07,-125.8,57.8229056
-9.16,0.27,-24.1,-4.41,-0.08,-123.1,58.04944
-9.19,0.26,-24.7,-3.21,-0.06,-121.9,58.1343904
-9.22,0.26,-24.3,-3.68,-0.07,-120.4,58.191024
-9.25,0.28,-22.6,-3.6,-0.07,-116.8,58.2476576
-9.24,0.31,-22.6,-5.72,-0.07,-113.9,58.2759744
-9.21,0.3,-21.6,-3.42,-0.05,-113.2,58.2476576
-9.24,0.28,-21.3,-4.53,-0.05,-113.5,58.2759744
-9.13,0.24,-24.9,-4.28,-0.05,-113.6,58.2759744
-9.23,0.22,-22.4,-3.23,-0.05,-116.7,58.2759744
-9.27,0.18,-21.2,-2.94,-0.05,-117.4,58.25898432
-9.32,0.16,-19.8,-2.24,-0.03,-119.5,58.17969728
-9.27,0.17,-20.8,-3.3,0.08,-122.1,58.03244992
-9.26,0.25,-23.8,-1.77,0.22,-123.4,57.67848992
-9.38,0.39,-21.5,-2.26,0.19,-123.9,57.18011424
-9.3,0.45,-23.2,-3.11,0.17,-124.1,56.6194416
-9.37,0.53,-21.3,-3.16,0.13,-123.5,55.92284832
-9.4,0.5,-19.2,-3.22,0.08,-123.7,55.26589856
-9.51,0.55,-16.1,-3.46,-0.01,-122.7,54.6231072
-9.55,0.47,-16.4,-3.61,-0.12,-122.5,54.07942464
-9.53,0.32,-15.9,-2.55,-0.18,-120.3,53.74811808
-9.55,0.22,-15.6,-2.84,-0.21,-116.2,53.53574208
-9.54,0.02,-14.4,-3.26,-0.24,-112.9,53.34318784
-9.45,-0.08,-16.2,-2.86,-0.24,-110.4,53.27239584
-9.43,-0.22,-16.7,-2.45,-0.23,-108.6,53.18744544
-9.42,-0.14,-18,-3.24,-0.21,-109.2,53.0515248
-9.38,-0.07,-19.1,-4.17,-0.2,-108,52.8674656
-9.41,0.02,-17.2,-4.68,-0.2,-107.4,52.56730752
-9.38,0.03,-17.4,-3.55,-0.16,-110,52.43138688
-9.33,0.09,-18.4,-3.04,-0.13,-113,52.56447584
-9.39,0.08,-16.4,-3.29,-0.1,-115.7,52.53049568
-9.25,-0.02,-20,-4.05,-0.08,-118.8,52.41156512
-9.28,-0.1,-19.4,-3.74,-0.07,-121.2,52.05477344
-9.29,-0.14,-20.2,-3.67,-0.07,-123.5,51.67816
-9.3,-0.13,-19.1,-4.09,-0.06,-124.9,51.36950688
-9.39,-0.17,-18.1,-3.88,-0.06,-126,51.18827936
-9.47,-0.15,-17,-3.23,-0.04,-126.7,50.50018112
-9.52,-0.02,-16.8,-3.84,-0.04,-128.1,52.37758496
-9.73,0.11,-9.7,-3.3,-0.01,-128.9,54.91193856
-9.78,0.22,-9.2,-3.24,0,-127.4,56.05027392
-9.7,0.32,-11.6,-2.89,0.12,-127,57.9361728
-9.62,0.36,-14.7,-3.92,0.16,-126.6,59.09999328
-9.72,0.34,-13.6,-3.34,0.08,-126.4,60.36575424
-9.87,0.32,-10.4,-2.81,-0.01,-124.4,61.20393152
-9.95,0.29,-8.7,-3.33,-0.04,-124.3,60.86979328
-9.82,0.2,-12.5,-3.57,-0.1,-117.2,60.0882496
-9.94,0.16,-8.6,-1.28,-0.14,-112.6,60.26664544
-9.87,0.14,-9.5,-1.44,-0.18,-108.9,60.11939808
-9.88,0.08,-9.8,-0.96,-0.19,-108.2,60.24682368
-9.9,0,-9.4,-0.32,-0.2,-108.6,60.2015168
-9.9,0.03,-10.3,-0.06,-0.18,-110.8,60.26664544
-9.79,0.02,-12.6,-1.41,-0.17,-113.9,60.26098208
-9.7,0.01,-15.1,-2.13,-0.15,-115.8,60.15337824
-9.76,0.01,-15.4,-2.25,-0.16,-112.4,59.94383392
-9.66,0.05,-19.6,-2.82,-0.15,-110.5,59.62951744
-9.66,0.09,-18.5,-3.22,-0.15,-110.2,59.23025056
-9.64,0.12,-18.3,-2.48,-0.14,-110.3,58.7856768
-9.59,0.12,-18.2,-3.35,-0.1,-112.7,58.34110304
-9.54,0.12,-19.5,-3.02,-0.09,-113.3,57.91635104
-9.53,0.16,-20.4,-2.7,-0.06,-115.7,57.56239104
-9.56,0.21,-18.9,-3.49,0.02,-119.8,57.29338144
-9.52,0.28,-20.3,-3.91,0.11,-122.3,57.0158768
-9.55,0.35,-18.2,-2.86,0.03,-124.7,56.7468672
-9.54,0.4,-19.1,-2.99,0.08,-127.3,58.02678656
-9.58,0.43,-18.9,-2.98,0.09,-129.6,59.66632928
-9.64,0.47,-20,-2.51,0.06,-128.6,60.33177408
-9.69,0.35,-20.1,-2.42,-0.01,-126.9,60.89244672
-9.78,0.24,-17.2,-1.66,-0.07,-124.8,62.28846496
-9.82,0.12,-16.8,-2.85,-0.14,-121.4,63.5145824
-9.86,0.01,-16,-1.6,-0.16,-118,63.90252256
-9.84,-0.11,-16.8,-2.29,-0.2,-114.1,64.0526016
-9.82,-0.23,-15.8,-3.16,-0.23,-111,63.44662208
-9.82,-0.35,-13.3,-2.91,-0.27,-107.2,63.47493888
-9.82,-0.39,-12.7,-2.01,-0.28,-105.2,63.3305232
-9.93,-0.43,-5.9,-2.81,-0.29,-104,62.87179104
-9.8,-0.43,-9.5,-3.59,-0.27,-104.2,62.76985056
-9.75,-0.4,-11.1,-3.22,-0.26,-105.5,63.2738896
-9.66,-0.37,-14,-3.78,-0.25,-105.1,63.79208704
-9.55,-0.35,-14.4,-3.33,-0.23,-105.5,64.82565024
-9.47,-0.37,-16.2,-3.93,-0.21,-106.9,66.00929248
-9.42,-0.37,-16.1,-3.46,-0.19,-108.5,67.24107328
-9.39,-0.31,-16.8,-2.64,-0.18,-109.1,68.455864
-9.35,-0.26,-16.5,-3.53,-0.15,-112.4,69.01936832
-9.35,-0.19,-19.3,-3.73,-0.11,-116,69.20342752
-9.36,-0.07,-21.3,-3.76,-0.06,-120.2,70.06425824
-9.43,0.06,-20.2,-3.33,-0.03,-120.3,70.8911088
-9.46,0.23,-24,-3.52,0.02,-122.8,70.63342592
-9.56,0.34,-19.7,-3.01,0.02,-121.7,71.09782144
-9.6,0.4,-21,-3.45,0.02,-121.2,70.53148544
-9.66,0.44,-22.3,-2.73,0.02,-119.7,70.34459456
-9.73,0.46,-22.4,-3.63,-0.01,-117.9,69.8575456
-9.78,0.43,-23.1,-2.38,-0.06,-115,68.8381408
-9.8,0.37,-23,-2.68,-0.11,-111.8,68.0169536
-9.85,0.29,-21,-3.22,-0.17,-108.5,67.3373504
-9.85,0.19,-20.7,-2.8,-0.2,-106.4,66.2046784
-9.84,0.06,-19.9,-2.66,-0.22,-105.3,65.4401248
-9.87,0.01,-18.2,-3.16,-0.23,-103,64.5906208
-9.8,-0.01,-17.1,-3.81,-0.23,-102.3,63.9393344
-9.7,-0.04,-22.7,-3.34,-0.22,-102.2,63.3729984
-9.71,-0.03,-21.9,-3.74,-0.2,-103.3,62.6367616
-9.74,-0.07,-20.1,-3.57,-0.19,-103.9,61.9854752
-9.76,-0.07,-17.1,-3.87,-0.16,-105.6,61.2775552
-9.7,-0.06,-18.5,-3.56,-0.15,-107.9,60.5130016
-9.72,-0.05,-16.6,-4.12,-0.13,-109.4,59.6918144
-9.71,-0.05,-16.8,-3.86,-0.11,-111.4,58.8423104
-9.7,-0.05,-17.5,-3.73,-0.1,-112,58.1343904
-9.71,-0.05,-17.4,-4.4,-0.08,-112.8,57.624688
-9.77,0,-15.8,-4.29,-0.07,-113.1,57.0866688
-9.83,0.1,-15.6,-3.58,0.06,-113.2,56.3787488
-9.9,0.27,-16.2,-4.15,0.2,-113.4,55.6141952
-10.01,0.43,-16.5,-3.63,0.17,-114,54.5664736
-10.03,0.58,-16.8,-3.16,0.11,-114.3,53.377168
-10.13,0.7,-15.5,-3.08,0.07,-112.8,52.1595456
-10.15,0.81,-14.6,-2.59,0.06,-112.4,51.0835072
-10.14,0.81,-14.1,-2.42,-0.2,-111.1,50.4322208
-10.13,0.75,-13.1,-0.29,-0.25,-109.4,50.3189536
-10.1,0.62,-14.5,0,-0.25,-108.2,50.6021216
-10.05,0.4,-15.3,0.36,-0.24,-108,51.2250912
-10.05,0.25,-14.7,-0.45,-0.24,-107.3,52.1312288
-9.99,0.12,-16,-0.76,-0.24,-105.9,53.094
-9.91,0.05,-15.9,-2.47,-0.23,-104.6,54.0001376
-9.89,0.05,-13.9,-2.93,-0.22,-104.1,54.8496416
-9.9,0.05,-13,-2.6,-0.19,-105.6,55.642512
-9.76,0.04,-17.5,-2.92,-0.18,-106.6,56.4353824
-9.74,-0.02,-18.2,-4.01,-0.14,-110.7,57.2990448
-9.7,-0.09,-20.2,-3.78,-0.11,-114.8,58.3042912
-9.66,-0.11,-18.3,-4.16,-0.07,-117.6,59.39731968
-9.61,-0.15,-18.3,-4.33,-0.07,-118.4,60.4988432
-9.57,-0.22,-19.9,-4.35,-0.07,-119,61.62585184
-9.58,-0.26,-21.2,-4.3,-0.08,-118.1,62.7075536
-9.56,-0.29,-23.6,-5.3,-0.07,-119.3,63.68165152
-9.66,-0.25,-23.8,-4.85,-0.08,-120.1,64.62176928
-9.7,-0.13,-24.3,-2.44,0.04,-119.4,65.56471872
-9.83,0.01,-23.3,-5.13,0.16,-119.2,66.43687616
-9.83,0.17,-25.4,-4.31,0.11,-116.6,67.2807168
-9.92,0.33,-27.3,-4.3,0.07,-115.6,68.1302208
-10,0.41,-30.1,-3.91,0.01,-113.3,68.6965568
-10.08,0.55,-29.5,-3.72,-0.05,-110.9,68.951408
-10.05,0.51,-32.2,-3.94,-0.26,-107.3,69.0646752
-10.14,0.5,-30.8,-3.67,-0.33,-104.4,69.1779424
-10.12,0.41,-32,-4.22,-0.31,-103,69.37616
-10.14,0.35,-30.2,-3.49,-0.29,-102.1,69.5460608
-10.12,0.3,-29.9,-3.27,-0.26,-101.6,69.6876448
-10.15,0.32,-28.5,-3.12,-0.26,-102.1,70.0274464
-10.16,0.34,-27.8,-3.71,-0.24,-104,70.5654656
-8.92,0.27,-9.5,-1.22,0.21,-46.3,70.9619008
-8.86,0.25,-8.8,-0.95,0.28,-53.5,71.216752
-8.88,0.24,-6.4,-0.57,0.24,-60.1,71.4149696
-8.87,0.22,-3.6,-1.2,0.25,-66,71.6698208
-8.91,0.18,-1.1,-0.66,0.24,-69.4,71.9813056
-8.9,0.13,-1,-0.93,0.24,-71.6,72.3211072
-8.92,0.08,-0.6,-1.35,0.22,-71.1,72.774176
-8.97,0.01,-0.1,-1.05,0.2,-72.1,73.8218976
-9.08,-0.05,0.6,-0.44,0.15,-69.4,74.473184
-9.22,-0.16,1.4,-0.54,0.09,-64.1,74.897936
-9.33,-0.26,2.4,0.19,0.03,-58.7,75.0678368
-9.43,-0.39,4.8,0.1,-0.05,-53.2,75.2377376
-9.55,-0.44,8.2,-0.04,-0.1,-48.3,76.172192
-9.48,-0.45,7.3,-0.56,-0.13,-45.2,76.030608
-9.3,-0.44,3.3,-0.66,-0.14,-44.1,75.2094208
-9.2,-0.42,2.6,-0.64,-0.14,-44.3,75.0961536
-9.09,-0.34,-0.1,-0.78,-0.11,-47.5,74.8413024
-9.07,-0.23,-1.4,-0.71,-0.06,-52.4,74.6714016
-8.95,-0.12,-3.2,-0.98,0,-58.5,74.473184
-8.95,-0.02,-2.6,-0.59,0.05,-65.3,74.4165504
-8.92,0.09,-5.7,-0.52,0.13,-73.4,74.5864512
-8.86,0.2,-10.4,-1.93,0.2,-81.4,74.6430848
-8.85,0.32,-10.8,-1.88,0.27,-87.4,74.7280352
-8.98,0.37,-6,0.1,0.32,-91.9,74.897936
-8.93,0.39,-8.2,-1.34,0.35,-95.4,75.1244704
-9.02,0.37,-6.9,-1.55,0.34,-93.9,75.3793216
-9.1,0.33,-5.9,-0.09,0.31,-90.3,75.0961536
-9.18,0.26,-5.5,0.75,0.28,-85.8,75.74744
-9.32,0.2,-1.7,-1,0.22,-79.6,76.7668448
-9.34,0.07,-2.4,-1.01,0.16,-73.1,78.012784
-9.39,-0.06,-1.6,-2.55,0.09,-65.5,79.5135744
-9.44,-0.2,-0.5,0.11,0,-59.2,81.0709984
-9.45,-0.34,-0.9,-3.18,-0.09,-52.6,82.7700064
-9.36,-0.43,-1.5,-2.32,-0.1,-51.1,84.7238656
-9.33,-0.42,1.7,-1.51,-0.1,-51.4,87.0175264
-9.15,-0.37,0.1,-1.93,0.12,-59.1,89.622672
-9.05,-0.2,0,-6.91,0.31,-69.5,92.5109856
-8.91,-0.01,-0.7,-1.59,0.39,-81.2,95.9090016
-8.79,0.22,-1,1.43,0.47,-93.5,99.1937504
-8.73,0.45,-1.3,1.78,0.53,-103.9,102.5351328
-8.69,0.67,-4.1,-0.28,0.55,-108.8,105.0836448
-8.69,0.75,-4.3,-0.08,0.45,-108.8,106.8676032
-8.71,0.79,-4.1,6.33,0.37,-104.5,107.9436416
-8.76,0.66,-3,0.91,0.29,-97.2,108.5666112
-8.82,0.52,-0.6,7.29,0.25,-87.9,113.0972992
-8.87,0.29,-0.5,0.14,0.2,-78.7,116.4953152
-8.87,-0.01,0.5,2.01,0.14,-71.6,118.7323424
-8.85,-0.13,0.2,2.84,0.08,-63.6,120.5729344
-8.83,-0.33,1.8,0.53,0.02,-56.9,122.1586752
-8.8,-0.5,2.3,1.04,-0.04,-51.5,123.4329312
-8.69,-0.52,1,1.4,-0.04,-49.4,124.2541184
-8.61,-0.57,0.6,0.32,0,-53.1,115.3060096
-8.49,-0.49,-2.5,0.29,0.08,-59.3,115.3060096
-8.47,-0.41,-3.2,5.35,0.14,-66,115.107792
-8.38,-0.29,-4.9,0.52,0.19,-70.6,114.7963072
-8.37,-0.2,-4.6,-0.17,0.21,-73.3,114.399872
-8.4,-0.13,-4.3,0.53,0.23,-75.1,113.8052192
-8.36,-0.01,-2.6,0.46,0.25,-76.4,113.0689824
-8.37,0.05,-1.5,-0.97,0.26,-76.7,113.3238336
-8.36,0.15,1.5,-0.09,0.31,-77.4,113.4937344
-8.32,0.21,3.4,1.2,0.38,-77.8,113.550368
-8.27,0.25,4.2,3.44,0.36,-77.6,113.2105664
-8.31,0.21,7.4,3.65,0.34,-76.5,112.3327456
-8.28,0.18,8.3,3.27,0.32,-75.5,111.0584896
-0.68,0.43,-164.1346,0.3,0.96,2.6,109.302848
-0.69,0.43,-161.8376,-0.36,0.27,-10.4,108.170176
-0.67,0.38,-160.3404,0.6,-0.24,-14.2,107.3489888
-0.68,0.33,-159.3428,-1.77,-0.13,-14.7,108.31176
-0.71,0.31,-157.6445,-0.07,0.04,-11.5,109.3594816
-0.73,0.23,-156.2474,1.63,0.18,-6.8,111.2567072
-0.78,0.18,-154.249,2.06,0.26,-1.2,112.8707648
-0.78,0.11,-154.2497,0.55,0.32,3.9,115.9006624
-0.84,0.06,-154.0517,15.79,0.35,9.4,116.8351168
-0.84,-0.02,-154.6527,0.27,0.37,13.2,116.6935328
-0.83,-0.09,-154.1533,1.99,0.37,16.9,116.9767008
-0.79,-0.17,-155.2537,0.99,0.38,19.9,118.2792736
-0.76,-0.2,-154.9531,1.87,0.37,22,117.4580864
-0.72,-0.23,-155.8539,1.66,0.38,22.8,115.249376
-0.7,-0.22,-155.5541,2.44,0.37,23.6,113.5786848
-0.69,-0.2,-154.6535,1.1,0.38,24,112.8990816
-0.73,-0.19,-155.5533,0.64,0.38,24,112.1628448
-0.74,-0.19,-155.9539,-0.64,0.4,23.7,111.0868064
-0.77,-0.2,-157.1535,2.38,0.41,21.9,111.285024
-0.74,-0.18,-158.152,0.56,0.45,19.1,112.1062112
-0.72,-0.16,-158.1522,2.04,0.47,17.1,113.7769024
-0.67,-0.14,-158.9529,1.17,0.46,13.9,114.3149216
-0.64,-0.09,-159.8526,0.75,0.48,10.7,115.1361088
-0.63,-0.04,-160.2513,0.89,0.49,7.4,115.7873952
-0.65,0.04,-158.7516,-0.42,0.5,4.7,117.3165024
-0.63,0.05,-158.5518,0.84,0.49,3.8,118.1943232
-0.63,0.04,-157.7517,1.04,0.48,5.5,119.4685792
-0.66,0.03,-155.5517,0.7,0.46,8.6,122.1303584
-0.7,-0.06,-156.2517,-10.34,0.43,12.8,129.7192608
-0.72,-0.09,-156.3525,2.62,0.41,16.8,139.6867744
-0.73,-0.16,-157.8537,-9.2,0.39,19.3,146.6243904
-0.73,-0.19,-158.9526,1.16,0.37,22,151.070128
-0.73,-0.22,-158.7514,2.02,0.35,24.2,155.459232
-0.72,-0.22,-159.0508,-4.3,0.36,24.7,159.565168
-0.71,-0.21,-159.8494,-9.24,0.36,25,161.7455616
-0.69,-0.17,-159.8495,1.68,0.37,24.9,163.0764512
-0.7,-0.16,-160.5495,3.08,0.38,24.1,165.5683296
-0.71,-0.15,-161.6492,2,0.38,23.7,169.051296
-0.75,-0.12,-160.749,2.09,0.39,23.5,171.4015904
-0.76,-0.12,-160.3486,3.15,0.39,22,172.7891136
-0.75,-0.11,-159.7478,1.32,0.38,21.6,173.5536672
-0.75,-0.13,-158.9478,2.43,0.38,20.3,176.4419808
-0.69,-0.15,-158.7486,2.21,0.39,18.4,179.0471264
-0.71,-0.16,-158.1484,-11,0.39,16.7,182.8415776
-0.7,-0.15,-158.7484,-10.82,0.42,13.6,187.740384
-0.68,-0.11,-159.149,-10.61,0.43,10.1,193.7435456
-0.69,-0.08,-158.8489,-12.46,0.43,6.9,200.8510624
-0.67,-0.06,-158.549,-15.55,0.43,4.8,208.553232
-0.68,-0.06,-158.1493,-13.12,0.42,3,217.048272
-0.71,-0.02,-157.6503,-14.22,0.43,2.6,226.0530144
-0.73,0,-156.3505,-15.28,0.42,4.2,236.1054784
-0.72,-0.01,-155.6519,-16.07,0.39,8.4,247.5171488
-0.75,-0.02,-155.7523,-16.47,0.39,13.1,260.4296096
-0.75,-0.06,-154.3534,-16.27,0.37,17.3,274.2198912
-0.75,-0.08,-155.0543,-17.29,0.36,21.1,290.1905664
-0.76,-0.08,-153.5548,-19.16,0.37,22.5,306.4160928
-0.79,-0.08,-153.2558,-18.2,0.36,24.8,323.4061728
-0.76,-0.09,-152.3567,-18.76,0.33,27.4,335.0443776
-0.74,-0.09,-151.1573,-17.41,0.36,25.6,341.783776
-0.74,-0.08,-150.3577,-18.96,0.36,25.3,344.7853568
-0.73,-0.07,-150.1578,-18.01,0.37,24.8,343.8509024
-0.78,-0.06,-149.4577,-21.71,0.37,24.5,340.1130848
-0.77,-0.06,-148.7582,-21.13,0.36,24.5,336.1770496
-0.75,-0.06,-147.259,-20.89,0.38,24,333.6002208
-0.78,-0.08,-146.0599,1.51,0.37,24.3,330.5136896
-0.77,-0.05,-144.5606,-24.94,0.38,24,325.9546848
-0.76,-0.01,-144.5614,-22.1,0.4,22.1,320.4329088
-0.76,0.04,-145.4618,-23.56,0.44,20.4,313.4952928
-0.76,0.1,-144.3626,-25.49,0.51,15.8,301.1774848
-0.84,0.23,-142.2627,-24.36,0.59,11.3,266.4327712
-0.8,0.29,-142.8621,-25.61,0.59,8.2,257.68288
-0.8,0.31,-143.3618,-25.63,0.54,6.6,250.2072448
-0.82,0.31,-144.0613,-22.31,0.44,7.3,244.2324
-0.83,0.29,-143.9614,-21.83,0.43,9.5,239.560128
-0.82,0.26,-143.9616,-21.83,0.42,8.5,235.7656768
-0.78,0.23,-143.9618,-21.83,0.41,8.6,233.0755808
-0.76,0.17,-143.9621,-22.93,0.4,9.6,230.8951872
-0.72,0.09,-143.962,3.58,0.4,11.4,227.6104384
-0.7,0,-143.9628,-22.93,0.38,14.1,222.3151968
-0.67,-0.07,-143.9637,-22.93,0.37,16.7,215.0944128
-0.64,-0.13,-143.9646,-22.93,0.35,18.8,207.4488768
